indicator_id,dimension,criterion,criterion_name,ind_type,description,unit,hospitals_P1,hospitals_P2,hospitals_P3,hydro_P1,hydro_P2,hydro_P3,rail_P1,rail_P2,rail_P3,n_reported,coverage_pct,numeric_mean,numeric_min,numeric_max
SC_exiobase_GHG_tCO2e_T0-T8,Supply Chain,,,EXIOBASE,GHG tCO2e — supply chain total tiers 0-8 (EXIOBASE),,131879.594,16595.756,24547.221,21271.99,99193.852,754.84,732520.337,40.307,27.905,,,,,
SC_exiobase_Employment_FTE_T0-T8,Supply Chain,,,EXIOBASE,Employment FTE — supply chain total tiers 0-8 (EXIOBASE),,5674.993,707.813,986.309,834.695,3766.237,25.679,25704.086,1.558,1.079,,,,,
SC_exiobase_Water_1000m3_T0-T8,Supply Chain,,,EXIOBASE,Water 1000m3 — supply chain total tiers 0-8 (EXIOBASE),,1032.21,120.073,194.554,137.492,658.918,4.78,4942.549,0.338,0.234,,,,,
SC_exiobase_ValueAdded_M$_T0-T8,Supply Chain,,,EXIOBASE,ValueAdded M$ — supply chain total tiers 0-8 (EXIOBASE),,262.541,26.281,78.707,31.611,158.057,2.107,2119.928,0.147,0.102,,,,,
SC_eora26_GHG_tCO2e_T0-T8,Supply Chain,,,EORA26,GHG tCO2e — supply chain total tiers 0-8 (EORA26),,153355.277,19323.73,28475.15,24737.91,115314.37,874.301,848405.366,47.313,32.755,,,,,
SC_eora26_Employment_FTE_T0-T8,Supply Chain,,,EORA26,Employment FTE — supply chain total tiers 0-8 (EORA26),,7660.531,956.804,1327.742,1120.735,5057.793,34.451,34447.048,2.079,1.44,,,,,
SC_eora26_Water_1000m3_T0-T8,Supply Chain,,,EORA26,Water 1000m3 — supply chain total tiers 0-8 (EORA26),,1213.098,140.946,228.074,161.181,772.571,5.587,5780.547,0.399,0.276,,,,,
SC_eora26_ValueAdded_M$_T0-T8,Supply Chain,,,EORA26,ValueAdded M$ — supply chain total tiers 0-8 (EORA26),,266.515,26.692,79.876,32.101,160.507,2.14,2151.813,0.149,0.103,,,,,
SC_wiod_GHG_tCO2e_T0-T8,Supply Chain,,,WIOD,GHG tCO2e — supply chain total tiers 0-8 (WIOD),,142296.292,17895.765,26461.552,22925.765,106854.488,811.193,787699.164,43.802,30.325,,,,,
SC_wiod_Employment_FTE_T0-T8,Supply Chain,,,WIOD,Employment FTE — supply chain total tiers 0-8 (WIOD),,7828.542,976.714,1357.61,1145.59,5164.858,35.2,35222.676,2.128,1.473,,,,,
SC_wiod_Water_1000m3_T0-T8,Supply Chain,,,WIOD,Water 1000m3 — supply chain total tiers 0-8 (WIOD),,1077.559,124.945,203.249,142.61,683.526,4.959,5139.513,0.354,0.245,,,,,
SC_wiod_ValueAdded_M$_T0-T8,Supply Chain,,,WIOD,ValueAdded M$ — supply chain total tiers 0-8 (WIOD),,268.153,26.8,80.411,32.213,161.066,2.148,2161.748,0.15,0.104,,,,,
SC_oecd_GHG_tCO2e_T0-T8,Supply Chain,,,OECD,GHG tCO2e — supply chain total tiers 0-8 (OECD),,132446.988,16670.299,24643.156,21326.426,99431.985,756.33,734142.993,40.577,28.091,,,,,
SC_oecd_Employment_FTE_T0-T8,Supply Chain,,,OECD,Employment FTE — supply chain total tiers 0-8 (OECD),,6732.535,839.915,1170.142,988.058,4457.214,30.407,30443.976,1.849,1.28,,,,,
SC_oecd_Water_1000m3_T0-T8,Supply Chain,,,OECD,Water 1000m3 — supply chain total tiers 0-8 (OECD),,1100.202,127.636,207.561,145.571,697.73,5.064,5247.626,0.362,0.251,,,,,
SC_oecd_ValueAdded_M$_T0-T8,Supply Chain,,,OECD,ValueAdded M$ — supply chain total tiers 0-8 (OECD),,273.751,27.372,82.084,32.881,164.403,2.192,2206.4,0.154,0.106,,,,,
META_mrio_sector_exiobase,Project Metadata,,,,MRIO sector name in EXIOBASE,,Human health and social work activities,Human health and social work activities,Human health and social work activities,Production of electricity by hydro,Production of electricity by hydro,Production of electricity by hydro,Construction,Rail transport,Rail transport,,,,,
META_mrio_sector_eora26,Project Metadata,,,,MRIO sector name in EORA26,,Health and Social Work,Health and Social Work,Health and Social Work,"Electricity, Gas and Water","Electricity, Gas and Water","Electricity, Gas and Water",Construction,Transport,Transport,,,,,
META_mrio_sector_wiod,Project Metadata,,,,MRIO sector name in WIOD,,Q86 Human health activities,Q86 Human health activities,Q86 Human health activities,"D35 Electricity, gas, steam and air conditioning supply","D35 Electricity, gas, steam and air conditioning supply","D35 Electricity, gas, steam and air conditioning supply",F  Construction,H49 Land transport and transport via pipelines,H49 Land transport and transport via pipelines,,,,,
META_mrio_sector_oecd,Project Metadata,,,,MRIO sector name in OECD,,Health and social work,Health and social work,Health and social work,"Electricity, gas, water supply","Electricity, gas, water supply","Electricity, gas, water supply",Construction,Land transport,Land transport,,,,,
MS.YP8,Safeguards,MS,Minimum Safeguards,MS,ESIA by qualified independent firm,Yes/No,,,,,,,,,,0,0.0,,,
MS.1PV,Safeguards,MS,Minimum Safeguards,MS,Climate Risk & Resilience Assessment (TCFD-aligned),Yes/No,,,,,,,,,,0,0.0,,,
MS.5BA,Safeguards,MS,Minimum Safeguards,MS,Sustainability and Mitigation Action Plan,Yes/No,,,,,,,,,,0,0.0,,,
MS.H4C,Safeguards,MS,Minimum Safeguards,MS,Stakeholder Engagement Plan,Yes/No,,,,,,,,,,0,0.0,,,
MS.TT5,Safeguards,MS,Minimum Safeguards,MS,ESMS reviewed externally,Yes/No,,,,,,,,,,0,0.0,,,
MS.W4A,Safeguards,MS,Minimum Safeguards,MS,IFC Performance Standards / Equator Principles alignment,Yes/No,,,,,,,,,,0,0.0,,,
MS.MW7,Safeguards,MS,Minimum Safeguards,MS,ESAP disclosed (optional),Yes/No,,,,,,,,,,0,0.0,,,
MS.X4Y,Safeguards,MS,Minimum Safeguards,MS,Risk assessment on Associated Facilities (if applicable),Yes/No,,,,,,,,,,0,0.0,,,
E1.FG3,Environmental,E1,Biodiversity and Ecosystem Services,Baseline,Compliance with national/subnational biodiversity strategies,Yes/No,,,,,,,,,,0,0.0,,,
E1.1YN,Environmental,E1,Biodiversity and Ecosystem Services,Baseline,Avoidance of impacts on critical habitats and ecological corridors,Yes/No/Committed,,,,,,,,,,0,0.0,,,
E1.8BR,Environmental,E1,Biodiversity and Ecosystem Services,Baseline,Net gains (critical) or no net loss (non-critical habitats) demonstrated,Yes/No,,,,,,,,,,0,0.0,,,
E1.UM1,Environmental,E1,Biodiversity and Ecosystem Services,Baseline,Biodiversity and ecosystem service risk assessment conducted,Yes/No/Committed,,,,,,,,,,0,0.0,,,
E1.QW4,Environmental,E1,Biodiversity and Ecosystem Services,Baseline,Cumulative impacts assessed at landscape/seascape level,Yes/No/Committed,,,,,,,,,,0,0.0,,,
E1.I5G,Environmental,E1,Biodiversity and Ecosystem Services,Baseline,Long-term biodiversity monitoring scheme in place,Yes/No/Committed,,,,,,,,,,0,0.0,,,
E1.IO1,Environmental,E1,Biodiversity and Ecosystem Services,Baseline,Nature-Based Solutions incorporated (IUCN definition),Yes/No,,,,,,,,,,0,0.0,,,
E1.4OO.3.A,Environmental,E1,Biodiversity and Ecosystem Services,PC,Expenditure on biodiversity measures — prior year,USD,,,,,,,,,,0,0.0,,,
E1.4OO.3.B,Environmental,E1,Biodiversity and Ecosystem Services,PC,Expenditure on biodiversity measures — forecasted,USD/year,,,,,,,,,,0,0.0,,,
E1.UO5,Environmental,E1,Biodiversity and Ecosystem Services,PC,Increase in area of natural habitats,ha,,,,,,,,,,0,0.0,,,
E1.8OA,Environmental,E1,Biodiversity and Ecosystem Services,PC,Decrease of degraded habitats,ha,,,,,,,,,,0,0.0,,,
E2.D9U,Environmental,E2,Climate Change Mitigation,Baseline,Compliance with national/sub-national climate targets,Yes/No,,,,,,,,,,0,0.0,,,
E2.G2K,Environmental,E2,Climate Change Mitigation,Baseline,"Scope 1, 2, 3 emissions monitored with mitigation measures",Yes — scope 1+2 / Yes — 1+2+3,,,,,,,,,,0,0.0,,,
E2.G2K.1,Environmental,E2,Climate Change Mitigation,Baseline,"Scope 1 absolute emissions, prior calendar year",tCO2e,,,,,,,,,,0,0.0,,,
E2.G2K.2,Environmental,E2,Climate Change Mitigation,Baseline,"Scope 2 absolute emissions, prior calendar year",tCO2e,,,,,,,,,,0,0.0,,,
E2.G2K.3,Environmental,E2,Climate Change Mitigation,Baseline,"Scope 3 absolute emissions, prior calendar year",tCO2e,,,,,,,,,,0,0.0,,,
E2.O9E,Environmental,E2,Climate Change Mitigation,Baseline,Carbon management governance structure in place,Yes/No/Committed,,,,,,,,,,0,0.0,,,
E2.2SK,Environmental,E2,Climate Change Mitigation,Baseline,GHG reduction targets set (incl. Net Zero),Yes/No/Committed,,,,,,,,,,0,0.0,,,
E2.TR9,Environmental,E2,Climate Change Mitigation,Baseline,GHG mitigation measures implemented,Yes/No/Committed,,,,,,,,,,0,0.0,,,
E2.ZT8,Environmental,E2,Climate Change Mitigation,Baseline,Climate mitigation requirements included in tendering,Yes/No/Committed,,,,,,,,,,0,0.0,,,
E2.C4U,Environmental,E2,Climate Change Mitigation,Baseline,Decommissioning plan includes emissions minimisation,Yes/No/Committed,,,,,,,,,,0,0.0,,,
E2.Q8W.A,Environmental,E2,Climate Change Mitigation,PC,Avoided GHG emissions — prior year,tCO2e,,,,,,6126.0,23364,130000,90000,4,44.4,62372.5,6126.0,130000.0
E2.Q8W.B,Environmental,E2,Climate Change Mitigation,PC,Avoided GHG emissions — forecasted,tCO2e/year,,,,150000.0,834218.74,,,,,2,22.2,492109.37,150000.0,834218.74
E3.8TF,Environmental,E3,Circular Economy and Resource Efficiency,Baseline,Compliance with circular economy / waste / resource-efficiency policies,Yes/No,,,,,,,,,,0,0.0,,,
E3.9NH,Environmental,E3,Circular Economy and Resource Efficiency,Baseline,Life Cycle Assessment on material footprint conducted,Yes/No/Committed,,,,,,,,,,0,0.0,,,
E3.TY9,Environmental,E3,Circular Economy and Resource Efficiency,Baseline,Critical raw materials limited; recycled content maximised,Yes/No/Committed,,,,,,,,,,0,0.0,,,
E3.8IE,Environmental,E3,Circular Economy and Resource Efficiency,Baseline,Waste management plan developed,Yes/No/Committed,,,,,,,,,,0,0.0,,,
E3.A4I,Environmental,E3,Circular Economy and Resource Efficiency,Baseline,Strategies to reduce freshwater consumption,Yes/No/Committed,,,,,,,,,,0,0.0,,,
E3.6XO.1,Environmental,E3,Circular Economy and Resource Efficiency,Baseline,Decommissioning costs included in financial model,Yes/No,,,,,,,,,,0,0.0,,,
E3.QK5.A,Environmental,E3,Circular Economy and Resource Efficiency,PC,Water usage at project level — prior year,m3/year,,,,,,,,,,0,0.0,,,
E3.QK5.B,Environmental,E3,Circular Economy and Resource Efficiency,PC,Water usage at project level — forecasted,m3/year,,,,,,,,,,0,0.0,,,
E3.6TP.3.A,Environmental,E3,Circular Economy and Resource Efficiency,PC,Expenditure on circular economy measures — prior year,USD,,,,,,,,,,0,0.0,,,
E3.6TP.3.B,Environmental,E3,Circular Economy and Resource Efficiency,PC,Expenditure on circular economy measures — forecasted,USD/year,,,,,,,,,,0,0.0,,,
E3.8VX,Environmental,E3,Circular Economy and Resource Efficiency,PC,Tons of waste diverted from landfill,t,,,,,,,,,,0,0.0,,,
E3.9IP,Environmental,E3,Circular Economy and Resource Efficiency,PC,Reduction in water withdrawal,m3/year,,,,,,,,,,0,0.0,,,
E4.KV9,Environmental,E4,Pollution Prevention and Control,Baseline,Compliance with pollution prevention and control policies,Yes/No,,,,,,,,,,0,0.0,,,
E4.8KU,Environmental,E4,Pollution Prevention and Control,Baseline,Pollution management system implemented,Yes/No/Committed,,,,,,,,,,0,0.0,,,
E4.QN9,Environmental,E4,Pollution Prevention and Control,Baseline,Hazardous waste generated and managed,Yes/No,,,,,,,,,,0,0.0,,,
E4.V9T,Environmental,E4,Pollution Prevention and Control,Baseline,Wastewater discharge norms met,Yes/No/Committed,,,,,,,,,,0,0.0,,,
E4.HB5,Environmental,E4,Pollution Prevention and Control,Baseline,Air emissions within national norms / WHO guidelines,Yes/No/Committed,,,,,,,,,,0,0.0,,,
E4.6BK,Environmental,E4,Pollution Prevention and Control,Baseline,"Disturbance (noise, vibration, light, radiation) minimised",Yes/No/Committed,,,,,,,,,,0,0.0,,,
E4.9LA,Environmental,E4,Pollution Prevention and Control,Baseline,Cumulative Impact Assessment undertaken,Yes/No/Committed,,,,,,,,,,0,0.0,,,
E4.O5C,Environmental,E4,Pollution Prevention and Control,PC,Type of pollution improvement claimed,Category,,,,,,,Improved Air Quality,Not a claimed PC,Not a claimed PC,3,33.3,,,
E4.2MB.1,Environmental,E4,Pollution Prevention and Control,PC,Pollution prevention measure as % of CAPEX,%,,,,,,,<1%,,,1,11.1,,,
E4.2MB.3.A,Environmental,E4,Pollution Prevention and Control,PC,Expenditure on pollution prevention — prior year,USD,,,,,,,,,,0,0.0,,,
E4.2MB.3.B,Environmental,E4,Pollution Prevention and Control,PC,Expenditure on pollution prevention — forecasted,USD/year,,,,,,,,,,0,0.0,,,
E4.BR3.A,Environmental,E4,Pollution Prevention and Control,PC,Solid waste safely managed — prior year,t/year,,,,,,,,,,0,0.0,,,
E4.BR3.B,Environmental,E4,Pollution Prevention and Control,PC,Solid waste safely managed — forecasted,t/year,,,,,,,,,,0,0.0,,,
E4.S2H.A,Environmental,E4,Pollution Prevention and Control,PC,Gaseous pollution safely managed — prior year,m3,,,,,,,,,,0,0.0,,,
E4.S2H.B,Environmental,E4,Pollution Prevention and Control,PC,Gaseous pollution safely managed — forecasted,m3/year,,,,,,,,,,0,0.0,,,
E4.7BL.A,Environmental,E4,Pollution Prevention and Control,PC,Wastewater safely managed — prior year,m3,,,,,,,,,,0,0.0,,,
E4.7BL.B,Environmental,E4,Pollution Prevention and Control,PC,Wastewater safely managed — forecasted,m3/year,,,,,,,,,,0,0.0,,,
E4.T9A,Environmental,E4,Pollution Prevention and Control,PC,Total people impacted by pollution prevention contribution,#,,,,,,,150000.0,,,1,11.1,150000.0,150000.0,150000.0
R5.Z5G,Adaptation & Resilience,R5,Resilience and Climate Adaptation,Baseline,Compliance with disaster/climate resilience policies,Yes/No,,,,,,,,,,0,0.0,,,
R5.1JT,Adaptation & Resilience,R5,Resilience and Climate Adaptation,Baseline,Physical Climate Risk Assessment conducted,Yes/No/Committed,,,,,,,,,,0,0.0,,,
R5.1JT.1,Adaptation & Resilience,R5,Resilience and Climate Adaptation,Baseline,"Climate scenarios considered (incl. 1.5C, 2C, 4C)",Multi-select,,,,,,,,,,0,0.0,,,
R5.R8S,Adaptation & Resilience,R5,Resilience and Climate Adaptation,Baseline,Climate Transition Risk Assessment conducted,Yes/No/Committed,,,,,,,,,,0,0.0,,,
R5.R8S.1,Adaptation & Resilience,R5,Resilience and Climate Adaptation,Baseline,Transition scenarios considered,Multi-select,,,,,,,,,,0,0.0,,,
R5.TZ1,Adaptation & Resilience,R5,Resilience and Climate Adaptation,Baseline,Risk mitigation targets and programmes set,Yes/No/Committed,,,,,,,,,,0,0.0,,,
R5.8GV,Adaptation & Resilience,R5,Resilience and Climate Adaptation,Baseline,Structured governance framework for risk management,Yes/No/Committed,,,,,,,,,,0,0.0,,,
R5.UP6,Adaptation & Resilience,R5,Resilience and Climate Adaptation,Baseline,Adaptation measures implemented,Yes/No/Committed,,,,,,,,,,0,0.0,,,
R5.V4H.1,Adaptation & Resilience,R5,Resilience and Climate Adaptation,PC,Domain in which resilience is improved,Category,,,,,,,Critical infrastructure,Not a claimed PC,Not a claimed PC,3,33.3,,,
R5.B6D.1,Adaptation & Resilience,R5,Resilience and Climate Adaptation,PC,Resilience measure as % of Project CAPEX,%,,,,,,,<5%,,,1,11.1,,,
R5.B6D.3.A,Adaptation & Resilience,R5,Resilience and Climate Adaptation,PC,Expenditure on resilience measures — prior year,USD,,,,,,,,,,0,0.0,,,
R5.B6D.3.B,Adaptation & Resilience,R5,Resilience and Climate Adaptation,PC,Expenditure on resilience measures — forecasted,USD/year,,,,,,,,,,0,0.0,,,
R5.U2X.A,Adaptation & Resilience,R5,Resilience and Climate Adaptation,PC,People positively impacted by resilience — prior year,people,,,,,,,5'500'000 ppl/year,,,1,11.1,,,
R5.U2X.B,Adaptation & Resilience,R5,Resilience and Climate Adaptation,PC,People positively impacted by resilience — forecasted,people/year,,,,,,,,,,0,0.0,,,
S6.9LA,Social,S6,Inclusivity and Gender,Baseline,Compliance with gender/inclusion regulations,Yes/No,,,,,,,,,,0,0.0,,,
S6.LV7,Social,S6,Inclusivity and Gender,Baseline,GBVH risk assessment and action plan in place,Yes/No/Committed,,,,,,,,,,0,0.0,,,
S6.Z5Q,Social,S6,Inclusivity and Gender,Baseline,Gender Action Plan developed and implemented,Yes/No/Committed,,,,,,,,,,0,0.0,,,
S6.4PQ,Social,S6,Inclusivity and Gender,Baseline,Gender Action Plan includes measurable targets/KPIs,Yes/No,,,,,,,,,,0,0.0,,,
S6.LS4.1,Social,S6,Inclusivity and Gender,Baseline,Female representation on governing board,%,,,,,,,,,,0,0.0,,,
S6.X1I,Social,S6,Inclusivity and Gender,Baseline,Wage parity policy for equivalent roles,Yes/No/Committed,,,,,,,,,,0,0.0,,,
S6.Y7A,Social,S6,Inclusivity and Gender,Baseline,Zero-tolerance sexual harassment policy,Yes/No/Committed,,,,,,,,,,0,0.0,,,
S6.3WY.A,Social,S6,Inclusivity and Gender,PC,Female workers as % of permanent direct workforce — prior year,%,,,,,,,,,,0,0.0,,,
S6.3WY.B,Social,S6,Inclusivity and Gender,PC,Female workers as % of permanent direct workforce — forecasted,%,,,,,,,,,,0,0.0,,,
S6.Q5F.3.A,Social,S6,Inclusivity and Gender,PC,Expenditure on inclusivity/gender measures — prior year,USD,,,,,,,,,,0,0.0,,,
S6.Q5F.3.B,Social,S6,Inclusivity and Gender,PC,Expenditure on inclusivity/gender measures — forecasted,USD/year,,,,,,,,,,0,0.0,,,
S6.HB5,Social,S6,Inclusivity and Gender,PC,Number of vulnerable people benefitting,#,,,,,,,,,,0,0.0,,,
S6.KV9,Social,S6,Inclusivity and Gender,PC,Number of women benefitting,#,,,,,,,,,,0,0.0,,,
S7.YD5,Social,S7,Health and Safety,Baseline,OHS policy and plan for workers in place,Yes/No/Committed,,,,,,,,,,0,0.0,,,
S7.T8D,Social,S7,Health and Safety,Baseline,Designated OHS responsible person,Yes/No,,,,,,,,,,0,0.0,,,
S7.QO5,Social,S7,Health and Safety,Baseline,Compliance with OHS national laws and GIIP,Yes/No/Committed,,,,,,,,,,0,0.0,,,
S7.Z9O,Social,S7,Health and Safety,Baseline,Occupational accidents and injuries monitored,Yes/No,,,,,,,,,,0,0.0,,,
S7.Z9O.3,Social,S7,Health and Safety,Baseline,Non-fatal occupational accident rate,"per 100,000 FTEs",,,,,,,,,,0,0.0,,,
S7.8BR,Social,S7,Health and Safety,Baseline,Health Impact Assessment conducted,Yes/No/Committed,,,,,,,,,,0,0.0,,,
S7.UM1,Social,S7,Health and Safety,Baseline,Community Health and Safety management plan,Yes/No/Committed,,,,,,,,,,0,0.0,,,
S7.P5W,Social,S7,Health and Safety,PC,Improvement of H&S of surrounding communities,Yes/No,Yes,Yes,Yes,,,,,,,3,33.3,,,
S7.LJ9,Social,S7,Health and Safety,PC,Type of H&S contribution claimed,Category,"Contribution to Health Infra, Contribution to Medical Equipment","Contribution to Diagnostics, Consumables, Or Drugs and Medication",Contribution to Health Infra,,,,,,,3,33.3,,,
S7.EJ2,Social,S7,Health and Safety,PC,Nature-Based Solutions used in H&S contribution,Yes/No,Yes,No,Yes,,,,,,,3,33.3,,,
S7.P8B,Social,S7,Health and Safety,PC,H&S positive contribution — quantification method,Category,Measures accounted in Proj CAPEX,Measures accounted in CAPEX and P&L,Measures accounted in Proj CAPEX and P&L,,,,,,,3,33.3,,,
S7.P8B.1,Social,S7,Health and Safety,PC,H&S measures as % of CAPEX,%,2.72,100.0,100.0,,,,,,,3,33.3,67.57,2.72,100.0
S7.P8B.3,Social,S7,Health and Safety,PC,"H&S measures yearly expenditure (observed, no .A/.B suffix)",USD/year,Not answered,250 million,Not answered,,,,,,,1,11.1,,,
S7.P8B.3.A,Social,S7,Health and Safety,PC,Expenditure on H&S measures — prior year,USD,,,,,,,,,,0,0.0,,,
S7.P8B.3.B,Social,S7,Health and Safety,PC,Expenditure on H&S measures — forecasted,USD/year,,,,,,,,,,0,0.0,,,
S7.X4B,Social,S7,Health and Safety,PC,Number of people with improved H&S,#,5000000,3000,500000,15000,Not a claimed PC,Not a claimed PC,,,,6,66.7,1379500.0,3000.0,5000000.0
S8.FD1,Social,S8,Human Rights and Labour Rights,Baseline,Workers' rights aligned with ILO conventions,Yes/No/Committed,,,,,,,,,,0,0.0,,,
S8.FA6,Social,S8,Human Rights and Labour Rights,Baseline,Forced labour and child labour prohibited,Yes/No/Committed,,,,,,,,,,0,0.0,,,
S8.A7L,Social,S8,Human Rights and Labour Rights,Baseline,Freedom of association and collective bargaining guaranteed,Yes/No/Committed,,,,,,,,,,0,0.0,,,
S8.U3O,Social,S8,Human Rights and Labour Rights,Baseline,Equal opportunity and non-discrimination policy,Yes/No/Committed,,,,,,,,,,0,0.0,,,
S8.YL6,Social,S8,Human Rights and Labour Rights,Baseline,No child-labour clause in all contracts,Yes/No/Committed,,,,,,,,,,0,0.0,,,
S8.9BT,Social,S8,Human Rights and Labour Rights,Baseline,Human rights due diligence assessment conducted,Yes/No/Committed,,,,,,,,,,0,0.0,,,
S8.9MP,Social,S8,Human Rights and Labour Rights,Baseline,Grievance mechanism accessible to all workers,Yes/No/Committed,,,,,,,,,,0,0.0,,,
S8.W7L,Social,S8,Human Rights and Labour Rights,Baseline,Remuneration policy meets at least minimum wage,Yes/No/Committed,,,,,,,,,,0,0.0,,,
S8.7ZH.3.A,Social,S8,Human Rights and Labour Rights,PC,Expenditure on human/labour rights measures — prior year,USD,,,,,,,,,,0,0.0,,,
S8.7ZH.3.B,Social,S8,Human Rights and Labour Rights,PC,Expenditure on human/labour rights measures — forecasted,USD/year,,,,,,,,,,0,0.0,,,
S8.I8Q,Social,S8,Human Rights and Labour Rights,PC,Number of people with secure employment created,#,,,,,,,,,,0,0.0,,,
S8.GC2,Social,S8,Human Rights and Labour Rights,PC,Percentage of local workforce,%,,,,,,,,,,0,0.0,,,
S9.O7H,Social,S9,Land Acquisition and Resettlement,Baseline,Project-related land displacement identified,Yes/No,,,,,,,,,,0,0.0,,,
S9.9LQ,Social,S9,Land Acquisition and Resettlement,Baseline,RAP / LRP in place,Yes/No/Committed,,,,,,,,,,0,0.0,,,
S9.OE1,Social,S9,Land Acquisition and Resettlement,Baseline,Eligible persons identified via census,Yes/No/Committed,,,,,,,,,,0,0.0,,,
S9.OE1.1,Social,S9,Land Acquisition and Resettlement,Baseline,Compensation provided at full replacement cost,Yes/No/Committed,,,,,,,,,,0,0.0,,,
S9.OE1.3,Social,S9,Land Acquisition and Resettlement,Baseline,Vulnerable groups met with separately,Yes/No/Committed,,,,,,,,,,0,0.0,,,
S9.2QR,Social,S9,Land Acquisition and Resettlement,Baseline,Project design minimises displacement,Yes/No/Committed,,,,,,,,,,0,0.0,,,
S9.8JJ,Social,S9,Land Acquisition and Resettlement,Baseline,Resettlement plan addresses climate impacts,Yes/No/Committed,,,,,,,,,,0,0.0,,,
S9.B1G.3.A,Social,S9,Land Acquisition and Resettlement,PC,Expenditure on land/resettlement measures — prior year,USD,,,,,,,,,,0,0.0,,,
S9.B1G.3.B,Social,S9,Land Acquisition and Resettlement,PC,Expenditure on land/resettlement measures — forecasted,USD/year,,,,,,,,,,0,0.0,,,
S9.QN8,Social,S9,Land Acquisition and Resettlement,PC,Number of affected people benefitting,#,,,,,,,,,,0,0.0,,,
S10.HW8,Social,S10,Stakeholder Engagement,Baseline,Stakeholder mapping undertaken,Yes/No/Committed,,,,,,,,,,0,0.0,,,
S10.K2M,Social,S10,Stakeholder Engagement,Baseline,Stakeholder Engagement Plan considers all needs,Yes/No/Committed,,,,,,,,,,0,0.0,,,
S10.8CC,Social,S10,Stakeholder Engagement,Baseline,Engagement plan revised annually,Yes/No/Committed,,,,,,,,,,0,0.0,,,
S10.A7P,Social,S10,Stakeholder Engagement,Baseline,Number of directly affected people,#,,,,,,,,,,0,0.0,,,
S10.KW5.1,Social,S10,Stakeholder Engagement,Baseline,Indigenous peoples consulted,Yes/No,,,,,,,,,,0,0.0,,,
S10.OF4.2,Social,S10,Stakeholder Engagement,Baseline,"Free, Prior and Informed Consent (FPIC) obtained",Yes/No,,,,,,,,,,0,0.0,,,
S10.5SI.1,Social,S10,Stakeholder Engagement,Baseline,Grievances received (count),#,,,,,,,,,,0,0.0,,,
S10.5SI.2,Social,S10,Stakeholder Engagement,Baseline,Grievances addressed/resolved (count),#,,,,,,,,,,0,0.0,,,
S10.SO5.A,Social,S10,Stakeholder Engagement,Baseline,Budget for stakeholder engagement — development/construction,USD,,,,,,,,,,0,0.0,,,
S10.SO5.B,Social,S10,Stakeholder Engagement,Baseline,Budget for stakeholder engagement — forecasted,USD,,,,,,,,,,0,0.0,,,
S10.W5V.A,Social,S10,Stakeholder Engagement,Baseline,"Expenditure on stakeholder engagement — operations, prior year",USD,,,,,,,,,,0,0.0,,,
S10.W5V.B,Social,S10,Stakeholder Engagement,Baseline,"Expenditure on stakeholder engagement — operations, forecasted",USD/year,,,,,,,,,,0,0.0,,,
G11.PT2,Governance,G11,Anti-Corruption,Baseline,Comprehensive anti-corruption management system in place,Yes/No/Committed,,,,,,,,,,0,0.0,,,
G11.N1K,Governance,G11,Anti-Corruption,Baseline,Annual reviews of anti-corruption system,Yes/No/Committed,,,,,,,,,,0,0.0,,,
G11.9SA,Governance,G11,Anti-Corruption,Baseline,Annual training on code of conduct,Yes/No/Committed,,,,,,,,,,0,0.0,,,
G11.9SA.1,Governance,G11,Anti-Corruption,Baseline,Percentage of staff trained on code of conduct,%,,,,,,,,,,0,0.0,,,
G11.4UO,Governance,G11,Anti-Corruption,Baseline,Corruption risk assessment conducted,Yes/No/Committed,,,,,,,,,,0,0.0,,,
G11.PV5,Governance,G11,Anti-Corruption,Baseline,Internal whistleblowing system in place,Yes/No/Committed,,,,,,,,,,0,0.0,,,
G11.4UQ,Governance,G11,Anti-Corruption,Baseline,Confirmed corruption incidents (count),#,,,,,,,,,,0,0.0,,,
G12.PQ5,Governance,G12,Transparency and Accountability,Baseline,Compliance with applicable transparency laws,Yes/No,,,,,,,,,,0,0.0,,,
G12.YL6.1,Governance,G12,Transparency and Accountability,Baseline,Tendering conducted according to best practices,Yes/No/Committed,,,,,,,,,,0,0.0,,,
G12.YL6.2,Governance,G12,Transparency and Accountability,Baseline,Sustainability criteria included in tender,Yes/No/Committed,,,,,,,,,,0,0.0,,,
G12.W7L,Governance,G12,Transparency and Accountability,Baseline,Ultimate beneficial owners disclosed,Yes/No/Committed,,,,,,,,,,0,0.0,,,
G12.2VU,Governance,G12,Transparency and Accountability,Baseline,Environmental and social targets/risks disclosed publicly,Yes/No/Committed,,,,,,,,,,0,0.0,,,
G12.2AG,Governance,G12,Transparency and Accountability,Baseline,Nature-related impacts disclosed (TNFD-aligned),Yes/No/Committed,,,,,,,,,,0,0.0,,,
G12.2AG.1,Governance,G12,Transparency and Accountability,Baseline,TNFD disclosure pillars covered,Multi-select,,,,,,,,,,0,0.0,,,
G13.Q7P,Governance,G13,Financial Integrity and Fiscal Transparency,Baseline,Required financial information reported,Yes/No,,,,,,,,,,0,0.0,,,
G13.5UW,Governance,G13,Financial Integrity and Fiscal Transparency,Baseline,Tax strategy coherent with business operations,Yes/No/Committed,,,,,,,,,,0,0.0,,,
G13.5PI,Governance,G13,Financial Integrity and Fiscal Transparency,Baseline,Located in non-cooperative tax jurisdiction (flag),Yes/No,,,,,,,,,,0,0.0,,,
G13.RL7,Governance,G13,Financial Integrity and Fiscal Transparency,Baseline,Audited financial statements demonstrated,Yes/No/Committed,,,,,,,,,,0,0.0,,,
G13.BH8.1,Governance,G13,Financial Integrity and Fiscal Transparency,Baseline,Financial model shared with government,Yes/No/Committed,,,,,,,,,,0,0.0,,,
G14.H3V,Governance,G14,Sustainable Reporting and Compliance,Baseline,Serious violations in the last five years,Yes/No,,,,,,,,,,0,0.0,,,
G14.IL3,Governance,G14,Sustainable Reporting and Compliance,Baseline,Environmental and social actions included in project budget,Yes/No/Committed,,,,,,,,,,0,0.0,,,
G14.N4B.A,Governance,G14,Sustainable Reporting and Compliance,PC,E&S actions budget — development/construction,USD,,,,,,,,,,0,0.0,,,
G14.N4B.B,Governance,G14,Sustainable Reporting and Compliance,PC,E&S actions budget — forecasted,USD,,,,,,,,,,0,0.0,,,
G14.2AG.A,Governance,G14,Sustainable Reporting and Compliance,PC,"E&S actions expenditure — operations, prior year",USD,,,,,,,,,,0,0.0,,,
G14.2AG.B,Governance,G14,Sustainable Reporting and Compliance,PC,"E&S actions expenditure — operations, forecasted",USD/year,,,,,,,,,,0,0.0,,,
