project,region,sector_code,investment_usd,db_used,tier,supplying_sector,spend_M$,GHG_tCO2e,Employment_FTE,Water_1000m3,ValueAdded_M$,cumul_GHG_tCO2e,cumul_Employment_FTE,cumul_Water_1000m3,cumul_ValueAdded_M$
hospitals_P1,LATAM,Health_Social,250000000.0,benchmark,0,Agriculture,5.0,810.0,147.5,33.75,3.8,70630.25,3668.95,539.41,137.525
hospitals_P1,LATAM,Health_Social,250000000.0,benchmark,0,Construction,70.0,18480.0,1195.6,70.0,33.6,70630.25,3668.95,539.41,137.525
hospitals_P1,LATAM,Health_Social,250000000.0,benchmark,0,Energy_Utilities,20.0,4864.0,118.0,32.4,12.8,70630.25,3668.95,539.41,137.525
hospitals_P1,LATAM,Health_Social,250000000.0,benchmark,0,Health_Social,45.0,7686.0,1036.8,52.65,31.5,70630.25,3668.95,539.41,137.525
hospitals_P1,LATAM,Health_Social,250000000.0,benchmark,0,Manufacturing,62.5,28025.0,610.0,120.0,26.25,70630.25,3668.95,539.41,137.525
hospitals_P1,LATAM,Health_Social,250000000.0,benchmark,0,Mining_Extraction,12.5,4880.0,106.75,28.8,7.0,70630.25,3668.95,539.41,137.525
hospitals_P1,LATAM,Health_Social,250000000.0,benchmark,0,Transport_Logistics,17.5,3613.75,206.5,12.81,10.5,70630.25,3668.95,539.41,137.525
hospitals_P1,LATAM,Health_Social,250000000.0,benchmark,0,Water_Waste,17.5,2271.5,247.8,189.0,12.075,70630.25,3668.95,539.41,137.525
hospitals_P1,LATAM,Health_Social,250000000.0,benchmark,1,Agriculture,5.335,864.27,157.38,36.0112,4.0546,105347.06,5099.26,816.49,202.375
hospitals_P1,LATAM,Health_Social,250000000.0,benchmark,1,Construction,10.0,2640.0,170.8,10.0,4.8,105347.06,5099.26,816.49,202.375
hospitals_P1,LATAM,Health_Social,250000000.0,benchmark,1,Energy_Utilities,15.95,3879.04,94.1,25.839,10.208,105347.06,5099.26,816.49,202.375
hospitals_P1,LATAM,Health_Social,250000000.0,benchmark,1,Health_Social,12.445,2125.61,286.73,14.5607,8.7115,105347.06,5099.26,816.49,202.375
hospitals_P1,LATAM,Health_Social,250000000.0,benchmark,1,Manufacturing,28.875,12947.55,281.82,55.44,12.1275,105347.06,5099.26,816.49,202.375
hospitals_P1,LATAM,Health_Social,250000000.0,benchmark,1,Mining_Extraction,22.3375,8720.56,190.76,51.4656,12.509,105347.06,5099.26,816.49,202.375
hospitals_P1,LATAM,Health_Social,250000000.0,benchmark,1,Transport_Logistics,12.8125,2645.78,151.19,9.3788,7.6875,105347.06,5099.26,816.49,202.375
hospitals_P1,LATAM,Health_Social,250000000.0,benchmark,1,Water_Waste,6.8875,894.0,97.53,74.385,4.75238,105347.06,5099.26,816.49,202.375
hospitals_P1,LATAM,Health_Social,250000000.0,benchmark,2,Agriculture,2.56421,415.4,75.64,17.3084,1.9488,120999.0,5733.28,943.65,231.493
hospitals_P1,LATAM,Health_Social,250000000.0,benchmark,2,Construction,4.36278,1151.77,74.52,4.3628,2.09413,120999.0,5733.28,943.65,231.493
hospitals_P1,LATAM,Health_Social,250000000.0,benchmark,2,Energy_Utilities,7.24982,1763.16,42.77,11.7447,4.63989,120999.0,5733.28,943.65,231.493
hospitals_P1,LATAM,Health_Social,250000000.0,benchmark,2,Health_Social,4.81758,822.84,111.0,5.6366,3.37231,120999.0,5733.28,943.65,231.493
hospitals_P1,LATAM,Health_Social,250000000.0,benchmark,2,Manufacturing,12.708,5698.27,124.03,24.3994,5.33736,120999.0,5733.28,943.65,231.493
hospitals_P1,LATAM,Health_Social,250000000.0,benchmark,2,Mining_Extraction,10.68506,4171.45,91.25,24.6184,5.98364,120999.0,5733.28,943.65,231.493
hospitals_P1,LATAM,Health_Social,250000000.0,benchmark,2,Transport_Logistics,5.86365,1210.84,69.19,4.2922,3.51819,120999.0,5733.28,943.65,231.493
hospitals_P1,LATAM,Health_Social,250000000.0,benchmark,2,Water_Waste,3.22198,418.21,45.62,34.7974,2.22316,120999.0,5733.28,943.65,231.493
hospitals_P1,LATAM,Health_Social,250000000.0,benchmark,3,Agriculture,1.14695,185.81,33.83,7.7419,0.87168,128048.96,6017.5,1000.824,244.576
hospitals_P1,LATAM,Health_Social,250000000.0,benchmark,3,Construction,1.94953,514.67,33.3,1.9495,0.93577,128048.96,6017.5,1000.824,244.576
hospitals_P1,LATAM,Health_Social,250000000.0,benchmark,3,Energy_Utilities,3.27752,797.09,19.34,5.3096,2.09761,128048.96,6017.5,1000.824,244.576
hospitals_P1,LATAM,Health_Social,250000000.0,benchmark,3,Health_Social,2.122,362.44,48.89,2.4827,1.4854,128048.96,6017.5,1000.824,244.576
hospitals_P1,LATAM,Health_Social,250000000.0,benchmark,3,Manufacturing,5.75044,2578.5,56.12,11.0408,2.41518,128048.96,6017.5,1000.824,244.576
hospitals_P1,LATAM,Health_Social,250000000.0,benchmark,3,Mining_Extraction,4.81135,1878.35,41.09,11.0853,2.69436,128048.96,6017.5,1000.824,244.576
hospitals_P1,LATAM,Health_Social,250000000.0,benchmark,3,Transport_Logistics,2.64034,545.23,31.16,1.9327,1.58421,128048.96,6017.5,1000.824,244.576
hospitals_P1,LATAM,Health_Social,250000000.0,benchmark,3,Water_Waste,1.44736,187.87,20.49,15.6315,0.99868,128048.96,6017.5,1000.824,244.576
hospitals_P1,LATAM,Health_Social,250000000.0,benchmark,4,Agriculture,0.51429,83.32,15.17,3.4715,0.39086,131222.91,6145.33,1026.545,250.463
hospitals_P1,LATAM,Health_Social,250000000.0,benchmark,4,Construction,0.87893,232.04,15.01,0.8789,0.42188,131222.91,6145.33,1026.545,250.463
hospitals_P1,LATAM,Health_Social,250000000.0,benchmark,4,Energy_Utilities,1.47458,358.62,8.7,2.3888,0.94373,131222.91,6145.33,1026.545,250.463
hospitals_P1,LATAM,Health_Social,250000000.0,benchmark,4,Health_Social,0.95202,162.6,21.93,1.1139,0.66641,131222.91,6145.33,1026.545,250.463
hospitals_P1,LATAM,Health_Social,250000000.0,benchmark,4,Manufacturing,2.58773,1160.34,25.26,4.9684,1.08684,131222.91,6145.33,1026.545,250.463
hospitals_P1,LATAM,Health_Social,250000000.0,benchmark,4,Mining_Extraction,2.17029,847.28,18.53,5.0004,1.21536,131222.91,6145.33,1026.545,250.463
hospitals_P1,LATAM,Health_Social,250000000.0,benchmark,4,Transport_Logistics,1.18769,245.26,14.01,0.8694,0.71262,131222.91,6145.33,1026.545,250.463
hospitals_P1,LATAM,Health_Social,250000000.0,benchmark,4,Water_Waste,0.65091,84.49,9.22,7.0298,0.44913,131222.91,6145.33,1026.545,250.463
hospitals_P1,LATAM,Health_Social,250000000.0,benchmark,5,Agriculture,0.23117,37.45,6.82,1.5604,0.17569,132651.85,6202.87,1038.121,253.112
hospitals_P1,LATAM,Health_Social,250000000.0,benchmark,5,Construction,0.39565,104.45,6.76,0.3957,0.18991,132651.85,6202.87,1038.121,253.112
hospitals_P1,LATAM,Health_Social,250000000.0,benchmark,5,Energy_Utilities,0.66377,161.43,3.92,1.0753,0.42481,132651.85,6202.87,1038.121,253.112
hospitals_P1,LATAM,Health_Social,250000000.0,benchmark,5,Health_Social,0.42833,73.16,9.87,0.5011,0.29983,132651.85,6202.87,1038.121,253.112
hospitals_P1,LATAM,Health_Social,250000000.0,benchmark,5,Manufacturing,1.1654,522.57,11.37,2.2376,0.48947,132651.85,6202.87,1038.121,253.112
hospitals_P1,LATAM,Health_Social,250000000.0,benchmark,5,Mining_Extraction,0.97715,381.48,8.34,2.2513,0.5472,132651.85,6202.87,1038.121,253.112
hospitals_P1,LATAM,Health_Social,250000000.0,benchmark,5,Transport_Logistics,0.53457,110.39,6.31,0.3913,0.32074,132651.85,6202.87,1038.121,253.112
hospitals_P1,LATAM,Health_Social,250000000.0,benchmark,5,Water_Waste,0.29285,38.01,4.15,3.1628,0.20207,132651.85,6202.87,1038.121,253.112
hospitals_P1,LATAM,Health_Social,250000000.0,benchmark,6,Agriculture,0.10402,16.85,3.07,0.7022,0.07906,133295.15,6228.77,1043.332,254.305
hospitals_P1,LATAM,Health_Social,250000000.0,benchmark,6,Construction,0.17814,47.03,3.04,0.1781,0.08551,133295.15,6228.77,1043.332,254.305
hospitals_P1,LATAM,Health_Social,250000000.0,benchmark,6,Energy_Utilities,0.2988,72.67,1.76,0.4841,0.19123,133295.15,6228.77,1043.332,254.305
hospitals_P1,LATAM,Health_Social,250000000.0,benchmark,6,Health_Social,0.1928,32.93,4.44,0.2256,0.13496,133295.15,6228.77,1043.332,254.305
hospitals_P1,LATAM,Health_Social,250000000.0,benchmark,6,Manufacturing,0.52467,235.26,5.12,1.0074,0.22036,133295.15,6228.77,1043.332,254.305
hospitals_P1,LATAM,Health_Social,250000000.0,benchmark,6,Mining_Extraction,0.43996,171.76,3.76,1.0137,0.24638,133295.15,6228.77,1043.332,254.305
hospitals_P1,LATAM,Health_Social,250000000.0,benchmark,6,Transport_Logistics,0.24064,49.69,2.84,0.1761,0.14438,133295.15,6228.77,1043.332,254.305
hospitals_P1,LATAM,Health_Social,250000000.0,benchmark,6,Water_Waste,0.13182,17.11,1.87,1.4236,0.09095,133295.15,6228.77,1043.332,254.305
hospitals_P1,LATAM,Health_Social,250000000.0,benchmark,7,Agriculture,0.04682,7.59,1.38,0.3161,0.03559,133584.76,6240.43,1045.677,254.842
hospitals_P1,LATAM,Health_Social,250000000.0,benchmark,7,Construction,0.0802,21.17,1.37,0.0802,0.0385,133584.76,6240.43,1045.677,254.842
hospitals_P1,LATAM,Health_Social,250000000.0,benchmark,7,Energy_Utilities,0.13452,32.71,0.79,0.2179,0.08609,133584.76,6240.43,1045.677,254.842
hospitals_P1,LATAM,Health_Social,250000000.0,benchmark,7,Health_Social,0.08679,14.82,2.0,0.1015,0.06076,133584.76,6240.43,1045.677,254.842
hospitals_P1,LATAM,Health_Social,250000000.0,benchmark,7,Manufacturing,0.23621,105.92,2.31,0.4535,0.09921,133584.76,6240.43,1045.677,254.842
hospitals_P1,LATAM,Health_Social,250000000.0,benchmark,7,Mining_Extraction,0.19807,77.33,1.69,0.4564,0.11092,133584.76,6240.43,1045.677,254.842
hospitals_P1,LATAM,Health_Social,250000000.0,benchmark,7,Transport_Logistics,0.10833,22.37,1.28,0.0793,0.065,133584.76,6240.43,1045.677,254.842
hospitals_P1,LATAM,Health_Social,250000000.0,benchmark,7,Water_Waste,0.05934,7.7,0.84,0.6409,0.04094,133584.76,6240.43,1045.677,254.842
hospitals_P1,LATAM,Health_Social,250000000.0,benchmark,8,Agriculture,0.02108,3.41,0.62,0.1423,0.01602,133715.13,6245.69,1046.733,255.084
hospitals_P1,LATAM,Health_Social,250000000.0,benchmark,8,Construction,0.03611,9.53,0.62,0.0361,0.01733,133715.13,6245.69,1046.733,255.084
hospitals_P1,LATAM,Health_Social,250000000.0,benchmark,8,Energy_Utilities,0.06056,14.73,0.36,0.0981,0.03876,133715.13,6245.69,1046.733,255.084
hospitals_P1,LATAM,Health_Social,250000000.0,benchmark,8,Health_Social,0.03907,6.67,0.9,0.0457,0.02735,133715.13,6245.69,1046.733,255.084
hospitals_P1,LATAM,Health_Social,250000000.0,benchmark,8,Manufacturing,0.10634,47.68,1.04,0.2042,0.04466,133715.13,6245.69,1046.733,255.084
hospitals_P1,LATAM,Health_Social,250000000.0,benchmark,8,Mining_Extraction,0.08917,34.81,0.76,0.2054,0.04994,133715.13,6245.69,1046.733,255.084
hospitals_P1,LATAM,Health_Social,250000000.0,benchmark,8,Transport_Logistics,0.04877,10.07,0.58,0.0357,0.02926,133715.13,6245.69,1046.733,255.084
hospitals_P1,LATAM,Health_Social,250000000.0,benchmark,8,Water_Waste,0.02671,3.47,0.38,0.2885,0.01843,133715.13,6245.69,1046.733,255.084
hospitals_P2,Africa,Health_Specialized,25000000.0,benchmark,0,Agriculture,0.25,42.0,9.25,2.0625,0.19,9063.25,443.34,59.457,13.378
hospitals_P2,Africa,Health_Specialized,25000000.0,benchmark,0,Construction,5.5,1694.0,121.66,6.82,2.64,9063.25,443.34,59.457,13.378
hospitals_P2,Africa,Health_Specialized,25000000.0,benchmark,0,Energy_Utilities,1.75,631.75,12.95,3.465,1.12,9063.25,443.34,59.457,13.378
hospitals_P2,Africa,Health_Specialized,25000000.0,benchmark,0,Health_Social,4.5,894.6,131.22,6.2775,3.15,9063.25,443.34,59.457,13.378
hospitals_P2,Africa,Health_Specialized,25000000.0,benchmark,0,Manufacturing,8.75,4588.5,106.4,19.95,3.675,9063.25,443.34,59.457,13.378
hospitals_P2,Africa,Health_Specialized,25000000.0,benchmark,0,Mining_Extraction,1.5,662.4,15.96,4.104,0.84,9063.25,443.34,59.457,13.378
hospitals_P2,Africa,Health_Specialized,25000000.0,benchmark,0,Transport_Logistics,1.5,346.5,22.2,1.278,0.9,9063.25,443.34,59.457,13.378
hospitals_P2,Africa,Health_Specialized,25000000.0,benchmark,0,Water_Waste,1.25,203.5,23.7,15.5,0.8625,9063.25,443.34,59.457,13.378
hospitals_P2,Africa,Health_Specialized,25000000.0,benchmark,1,Agriculture,0.5315,89.29,19.67,4.3849,0.40394,13339.94,628.92,93.06,20.039
hospitals_P2,Africa,Health_Specialized,25000000.0,benchmark,1,Construction,1.12625,346.89,24.91,1.3966,0.5406,13339.94,628.92,93.06,20.039
hospitals_P2,Africa,Health_Specialized,25000000.0,benchmark,1,Energy_Utilities,1.56,563.16,11.54,3.0888,0.9984,13339.94,628.92,93.06,20.039
hospitals_P2,Africa,Health_Specialized,25000000.0,benchmark,1,Health_Social,1.219,242.34,35.55,1.7005,0.8533,13339.94,628.92,93.06,20.039
hospitals_P2,Africa,Health_Specialized,25000000.0,benchmark,1,Manufacturing,2.89375,1517.48,35.19,6.5978,1.21538,13339.94,628.92,93.06,20.039
hospitals_P2,Africa,Health_Specialized,25000000.0,benchmark,1,Mining_Extraction,2.51125,1108.97,26.72,6.8708,1.4063,13339.94,628.92,93.06,20.039
hospitals_P2,Africa,Health_Specialized,25000000.0,benchmark,1,Transport_Logistics,1.2875,297.41,19.06,1.097,0.7725,13339.94,628.92,93.06,20.039
hospitals_P2,Africa,Health_Specialized,25000000.0,benchmark,1,Water_Waste,0.68275,111.15,12.94,8.4661,0.4711,13339.94,628.92,93.06,20.039
hospitals_P2,Africa,Health_Specialized,25000000.0,benchmark,2,Agriculture,0.25978,43.64,9.61,2.1432,0.19743,15275.44,711.68,108.599,23.051
hospitals_P2,Africa,Health_Specialized,25000000.0,benchmark,2,Construction,0.44912,138.33,9.93,0.5569,0.21558,15275.44,711.68,108.599,23.051
hospitals_P2,Africa,Health_Specialized,25000000.0,benchmark,2,Energy_Utilities,0.75112,271.16,5.56,1.4872,0.48072,15275.44,711.68,108.599,23.051
hospitals_P2,Africa,Health_Specialized,25000000.0,benchmark,2,Health_Social,0.49419,98.25,14.41,0.6894,0.34593,15275.44,711.68,108.599,23.051
hospitals_P2,Africa,Health_Specialized,25000000.0,benchmark,2,Manufacturing,1.34045,702.93,16.3,3.0562,0.56299,15275.44,711.68,108.599,23.051
hospitals_P2,Africa,Health_Specialized,25000000.0,benchmark,2,Mining_Extraction,1.10405,487.55,11.75,3.0207,0.61827,15275.44,711.68,108.599,23.051
hospitals_P2,Africa,Health_Specialized,25000000.0,benchmark,2,Transport_Logistics,0.60699,140.22,8.98,0.5172,0.3642,15275.44,711.68,108.599,23.051
hospitals_P2,Africa,Health_Specialized,25000000.0,benchmark,2,Water_Waste,0.32811,53.42,6.22,4.0686,0.2264,15275.44,711.68,108.599,23.051
hospitals_P2,Africa,Health_Specialized,25000000.0,benchmark,3,Agriculture,0.11832,19.88,4.38,0.9761,0.08992,16146.4,748.97,115.631,24.409
hospitals_P2,Africa,Health_Specialized,25000000.0,benchmark,3,Construction,0.20345,62.66,4.5,0.2523,0.09766,16146.4,748.97,115.631,24.409
hospitals_P2,Africa,Health_Specialized,25000000.0,benchmark,3,Energy_Utilities,0.33956,122.58,2.51,0.6723,0.21732,16146.4,748.97,115.631,24.409
hospitals_P2,Africa,Health_Specialized,25000000.0,benchmark,3,Health_Social,0.21971,43.68,6.41,0.3065,0.15379,16146.4,748.97,115.631,24.409
hospitals_P2,Africa,Health_Specialized,25000000.0,benchmark,3,Manufacturing,0.59681,312.97,7.26,1.3607,0.25066,16146.4,748.97,115.631,24.409
hospitals_P2,Africa,Health_Specialized,25000000.0,benchmark,3,Mining_Extraction,0.50173,221.56,5.34,1.3727,0.28097,16146.4,748.97,115.631,24.409
hospitals_P2,Africa,Health_Specialized,25000000.0,benchmark,3,Transport_Logistics,0.27378,63.24,4.05,0.2333,0.16427,16146.4,748.97,115.631,24.409
hospitals_P2,Africa,Health_Specialized,25000000.0,benchmark,3,Water_Waste,0.14982,24.39,2.84,1.8578,0.10338,16146.4,748.97,115.631,24.409
hospitals_P2,Africa,Health_Specialized,25000000.0,benchmark,4,Agriculture,0.0533,8.95,1.97,0.4397,0.04051,16538.56,765.75,118.798,25.02
hospitals_P2,Africa,Health_Specialized,25000000.0,benchmark,4,Construction,0.0913,28.12,2.02,0.1132,0.04382,16538.56,765.75,118.798,25.02
hospitals_P2,Africa,Health_Specialized,25000000.0,benchmark,4,Energy_Utilities,0.15315,55.29,1.13,0.3032,0.09802,16538.56,765.75,118.798,25.02
hospitals_P2,Africa,Health_Specialized,25000000.0,benchmark,4,Health_Social,0.09883,19.65,2.88,0.1379,0.06918,16538.56,765.75,118.798,25.02
hospitals_P2,Africa,Health_Specialized,25000000.0,benchmark,4,Manufacturing,0.26906,141.1,3.27,0.6135,0.11301,16538.56,765.75,118.798,25.02
hospitals_P2,Africa,Health_Specialized,25000000.0,benchmark,4,Mining_Extraction,0.22547,99.57,2.4,0.6169,0.12627,16538.56,765.75,118.798,25.02
hospitals_P2,Africa,Health_Specialized,25000000.0,benchmark,4,Transport_Logistics,0.12335,28.49,1.83,0.1051,0.07401,16538.56,765.75,118.798,25.02
hospitals_P2,Africa,Health_Specialized,25000000.0,benchmark,4,Water_Waste,0.06753,10.99,1.28,0.8374,0.0466,16538.56,765.75,118.798,25.02
hospitals_P2,Africa,Health_Specialized,25000000.0,benchmark,5,Agriculture,0.024,4.03,0.89,0.198,0.01824,16715.09,773.31,120.224,25.295
hospitals_P2,Africa,Health_Specialized,25000000.0,benchmark,5,Construction,0.04112,12.66,0.91,0.051,0.01974,16715.09,773.31,120.224,25.295
hospitals_P2,Africa,Health_Specialized,25000000.0,benchmark,5,Energy_Utilities,0.06895,24.89,0.51,0.1365,0.04413,16715.09,773.31,120.224,25.295
hospitals_P2,Africa,Health_Specialized,25000000.0,benchmark,5,Health_Social,0.04449,8.84,1.3,0.0621,0.03114,16715.09,773.31,120.224,25.295
hospitals_P2,Africa,Health_Specialized,25000000.0,benchmark,5,Manufacturing,0.12108,63.49,1.47,0.2761,0.05085,16715.09,773.31,120.224,25.295
hospitals_P2,Africa,Health_Specialized,25000000.0,benchmark,5,Mining_Extraction,0.10154,44.84,1.08,0.2778,0.05686,16715.09,773.31,120.224,25.295
hospitals_P2,Africa,Health_Specialized,25000000.0,benchmark,5,Transport_Logistics,0.05553,12.83,0.82,0.0473,0.03332,16715.09,773.31,120.224,25.295
hospitals_P2,Africa,Health_Specialized,25000000.0,benchmark,5,Water_Waste,0.03042,4.95,0.58,0.3772,0.02099,16715.09,773.31,120.224,25.295
hospitals_P2,Africa,Health_Specialized,25000000.0,benchmark,6,Agriculture,0.01081,1.82,0.4,0.0891,0.00821,16794.59,776.71,120.866,25.419
hospitals_P2,Africa,Health_Specialized,25000000.0,benchmark,6,Construction,0.01851,5.7,0.41,0.023,0.00888,16794.59,776.71,120.866,25.419
hospitals_P2,Africa,Health_Specialized,25000000.0,benchmark,6,Energy_Utilities,0.03104,11.21,0.23,0.0615,0.01987,16794.59,776.71,120.866,25.419
hospitals_P2,Africa,Health_Specialized,25000000.0,benchmark,6,Health_Social,0.02003,3.98,0.58,0.0279,0.01402,16794.59,776.71,120.866,25.419
hospitals_P2,Africa,Health_Specialized,25000000.0,benchmark,6,Manufacturing,0.05451,28.59,0.66,0.1243,0.0229,16794.59,776.71,120.866,25.419
hospitals_P2,Africa,Health_Specialized,25000000.0,benchmark,6,Mining_Extraction,0.04571,20.19,0.49,0.1251,0.0256,16794.59,776.71,120.866,25.419
hospitals_P2,Africa,Health_Specialized,25000000.0,benchmark,6,Transport_Logistics,0.025,5.78,0.37,0.0213,0.015,16794.59,776.71,120.866,25.419
hospitals_P2,Africa,Health_Specialized,25000000.0,benchmark,6,Water_Waste,0.01369,2.23,0.26,0.1698,0.00945,16794.59,776.71,120.866,25.419
hospitals_P2,Africa,Health_Specialized,25000000.0,benchmark,7,Agriculture,0.00486,0.82,0.18,0.0401,0.0037,16830.38,778.24,121.154,25.475
hospitals_P2,Africa,Health_Specialized,25000000.0,benchmark,7,Construction,0.00833,2.57,0.18,0.0103,0.004,16830.38,778.24,121.154,25.475
hospitals_P2,Africa,Health_Specialized,25000000.0,benchmark,7,Energy_Utilities,0.01398,5.05,0.1,0.0277,0.00894,16830.38,778.24,121.154,25.475
hospitals_P2,Africa,Health_Specialized,25000000.0,benchmark,7,Health_Social,0.00902,1.79,0.26,0.0126,0.00631,16830.38,778.24,121.154,25.475
hospitals_P2,Africa,Health_Specialized,25000000.0,benchmark,7,Manufacturing,0.02454,12.87,0.3,0.056,0.01031,16830.38,778.24,121.154,25.475
hospitals_P2,Africa,Health_Specialized,25000000.0,benchmark,7,Mining_Extraction,0.02058,9.09,0.22,0.0563,0.01152,16830.38,778.24,121.154,25.475
hospitals_P2,Africa,Health_Specialized,25000000.0,benchmark,7,Transport_Logistics,0.01125,2.6,0.17,0.0096,0.00675,16830.38,778.24,121.154,25.475
hospitals_P2,Africa,Health_Specialized,25000000.0,benchmark,7,Water_Waste,0.00616,1.0,0.12,0.0764,0.00425,16830.38,778.24,121.154,25.475
hospitals_P2,Africa,Health_Specialized,25000000.0,benchmark,8,Agriculture,0.00219,0.37,0.08,0.0181,0.00166,16846.49,778.92,121.285,25.5
hospitals_P2,Africa,Health_Specialized,25000000.0,benchmark,8,Construction,0.00375,1.16,0.08,0.0047,0.0018,16846.49,778.92,121.285,25.5
hospitals_P2,Africa,Health_Specialized,25000000.0,benchmark,8,Energy_Utilities,0.00629,2.27,0.05,0.0125,0.00403,16846.49,778.92,121.285,25.5
hospitals_P2,Africa,Health_Specialized,25000000.0,benchmark,8,Health_Social,0.00406,0.81,0.12,0.0057,0.00284,16846.49,778.92,121.285,25.5
hospitals_P2,Africa,Health_Specialized,25000000.0,benchmark,8,Manufacturing,0.01105,5.79,0.13,0.0252,0.00464,16846.49,778.92,121.285,25.5
hospitals_P2,Africa,Health_Specialized,25000000.0,benchmark,8,Mining_Extraction,0.00926,4.09,0.1,0.0253,0.00519,16846.49,778.92,121.285,25.5
hospitals_P2,Africa,Health_Specialized,25000000.0,benchmark,8,Transport_Logistics,0.00507,1.17,0.07,0.0043,0.00304,16846.49,778.92,121.285,25.5
hospitals_P2,Africa,Health_Specialized,25000000.0,benchmark,8,Water_Waste,0.00278,0.45,0.05,0.0344,0.00192,16846.49,778.92,121.285,25.5
hospitals_P3,Europe,Health_General,75000000.0,benchmark,0,Agriculture,1.5,191.25,25.5,5.25,1.14,13172.25,629.4,104.073,41.385
hospitals_P3,Europe,Health_General,75000000.0,benchmark,0,Construction,22.5,3861.0,214.2,13.5,10.8,13172.25,629.4,104.073,41.385
hospitals_P3,Europe,Health_General,75000000.0,benchmark,0,Energy_Utilities,7.5,741.0,27.0,7.92,4.8,13172.25,629.4,104.073,41.385
hospitals_P3,Europe,Health_General,75000000.0,benchmark,0,Health_Social,11.25,1197.0,145.8,8.1,7.875,13172.25,629.4,104.073,41.385
hospitals_P3,Europe,Health_General,75000000.0,benchmark,0,Manufacturing,16.5,5016.0,95.04,20.295,6.93,13172.25,629.4,104.073,41.385
hospitals_P3,Europe,Health_General,75000000.0,benchmark,0,Mining_Extraction,3.75,864.0,18.9,5.4,2.1,13172.25,629.4,104.073,41.385
hospitals_P3,Europe,Health_General,75000000.0,benchmark,0,Transport_Logistics,6.0,840.0,46.8,2.808,3.6,13172.25,629.4,104.073,41.385
hospitals_P3,Europe,Health_General,75000000.0,benchmark,0,Water_Waste,6.0,462.0,56.16,40.8,4.14,13172.25,629.4,104.073,41.385
hospitals_P3,Europe,Health_General,75000000.0,benchmark,1,Agriculture,1.5195,193.74,25.83,5.3182,1.15482,19609.51,880.96,155.122,60.729
hospitals_P3,Europe,Health_General,75000000.0,benchmark,1,Construction,2.90625,498.71,27.67,1.7438,1.395,19609.51,880.96,155.122,60.729
hospitals_P3,Europe,Health_General,75000000.0,benchmark,1,Energy_Utilities,4.8825,482.39,17.58,5.1559,3.1248,19609.51,880.96,155.122,60.729
hospitals_P3,Europe,Health_General,75000000.0,benchmark,1,Health_Social,3.66,389.42,47.43,2.6352,2.562,19609.51,880.96,155.122,60.729
hospitals_P3,Europe,Health_General,75000000.0,benchmark,1,Manufacturing,8.73,2653.92,50.28,10.7379,3.6666,19609.51,880.96,155.122,60.729
hospitals_P3,Europe,Health_General,75000000.0,benchmark,1,Mining_Extraction,6.5955,1519.6,33.24,9.4975,3.69348,19609.51,880.96,155.122,60.729
hospitals_P3,Europe,Health_General,75000000.0,benchmark,1,Transport_Logistics,3.85125,539.17,30.04,1.8024,2.31075,19609.51,880.96,155.122,60.729
hospitals_P3,Europe,Health_General,75000000.0,benchmark,1,Water_Waste,2.082,160.31,19.49,14.1576,1.43658,19609.51,880.96,155.122,60.729
hospitals_P3,Europe,Health_General,75000000.0,benchmark,2,Agriculture,0.75729,96.55,12.87,2.6505,0.57554,22505.86,993.31,178.525,69.423
hospitals_P3,Europe,Health_General,75000000.0,benchmark,2,Construction,1.30777,224.41,12.45,0.7847,0.62773,22505.86,993.31,178.525,69.423
hospitals_P3,Europe,Health_General,75000000.0,benchmark,2,Energy_Utilities,2.1658,213.98,7.8,2.2871,1.38612,22505.86,993.31,178.525,69.423
hospitals_P3,Europe,Health_General,75000000.0,benchmark,2,Health_Social,1.43525,152.71,18.6,1.0334,1.00467,22505.86,993.31,178.525,69.423
hospitals_P3,Europe,Health_General,75000000.0,benchmark,2,Manufacturing,3.78592,1150.92,21.81,4.6567,1.59009,22505.86,993.31,178.525,69.423
hospitals_P3,Europe,Health_General,75000000.0,benchmark,2,Mining_Extraction,3.20622,738.71,16.16,4.617,1.79548,22505.86,993.31,178.525,69.423
hospitals_P3,Europe,Health_General,75000000.0,benchmark,2,Transport_Logistics,1.74884,244.84,13.64,0.8185,1.0493,22505.86,993.31,178.525,69.423
hospitals_P3,Europe,Health_General,75000000.0,benchmark,2,Water_Waste,0.96406,74.23,9.02,6.5556,0.6652,22505.86,993.31,178.525,69.423
hospitals_P3,Europe,Health_General,75000000.0,benchmark,3,Agriculture,0.34142,43.53,5.8,1.195,0.25948,23810.82,1043.72,189.051,73.33
hospitals_P3,Europe,Health_General,75000000.0,benchmark,3,Construction,0.58197,99.87,5.54,0.3492,0.27935,23810.82,1043.72,189.051,73.33
hospitals_P3,Europe,Health_General,75000000.0,benchmark,3,Energy_Utilities,0.97924,96.75,3.53,1.0341,0.62672,23810.82,1043.72,189.051,73.33
hospitals_P3,Europe,Health_General,75000000.0,benchmark,3,Health_Social,0.63356,67.41,8.21,0.4562,0.44349,23810.82,1043.72,189.051,73.33
hospitals_P3,Europe,Health_General,75000000.0,benchmark,3,Manufacturing,1.7193,522.67,9.9,2.1147,0.72211,23810.82,1043.72,189.051,73.33
hospitals_P3,Europe,Health_General,75000000.0,benchmark,3,Mining_Extraction,1.43699,331.08,7.24,2.0693,0.80472,23810.82,1043.72,189.051,73.33
hospitals_P3,Europe,Health_General,75000000.0,benchmark,3,Transport_Logistics,0.78845,110.38,6.15,0.369,0.47307,23810.82,1043.72,189.051,73.33
hospitals_P3,Europe,Health_General,75000000.0,benchmark,3,Water_Waste,0.43205,33.27,4.04,2.938,0.29812,23810.82,1043.72,189.051,73.33
hospitals_P3,Europe,Health_General,75000000.0,benchmark,4,Agriculture,0.15349,19.57,2.61,0.5372,0.11666,24398.25,1066.42,193.788,75.089
hospitals_P3,Europe,Health_General,75000000.0,benchmark,4,Construction,0.26263,45.07,2.5,0.1576,0.12606,24398.25,1066.42,193.788,75.089
hospitals_P3,Europe,Health_General,75000000.0,benchmark,4,Energy_Utilities,0.44043,43.51,1.59,0.4651,0.28188,24398.25,1066.42,193.788,75.089
hospitals_P3,Europe,Health_General,75000000.0,benchmark,4,Health_Social,0.28434,30.25,3.69,0.2047,0.19904,24398.25,1066.42,193.788,75.089
hospitals_P3,Europe,Health_General,75000000.0,benchmark,4,Manufacturing,0.77299,234.99,4.45,0.9508,0.32466,24398.25,1066.42,193.788,75.089
hospitals_P3,Europe,Health_General,75000000.0,benchmark,4,Mining_Extraction,0.64849,149.41,3.27,0.9338,0.36315,24398.25,1066.42,193.788,75.089
hospitals_P3,Europe,Health_General,75000000.0,benchmark,4,Transport_Logistics,0.35473,49.66,2.77,0.166,0.21284,24398.25,1066.42,193.788,75.089
hospitals_P3,Europe,Health_General,75000000.0,benchmark,4,Water_Waste,0.1944,14.97,1.82,1.3219,0.13414,24398.25,1066.42,193.788,75.089
hospitals_P3,Europe,Health_General,75000000.0,benchmark,5,Agriculture,0.06904,8.8,1.17,0.2416,0.05247,24662.72,1076.64,195.92,75.88
hospitals_P3,Europe,Health_General,75000000.0,benchmark,5,Construction,0.11819,20.28,1.13,0.0709,0.05673,24662.72,1076.64,195.92,75.88
hospitals_P3,Europe,Health_General,75000000.0,benchmark,5,Energy_Utilities,0.19828,19.59,0.71,0.2094,0.1269,24662.72,1076.64,195.92,75.88
hospitals_P3,Europe,Health_General,75000000.0,benchmark,5,Health_Social,0.12795,13.61,1.66,0.0921,0.08956,24662.72,1076.64,195.92,75.88
hospitals_P3,Europe,Health_General,75000000.0,benchmark,5,Manufacturing,0.34816,105.84,2.01,0.4282,0.14623,24662.72,1076.64,195.92,75.88
hospitals_P3,Europe,Health_General,75000000.0,benchmark,5,Mining_Extraction,0.2919,67.25,1.47,0.4203,0.16347,24662.72,1076.64,195.92,75.88
hospitals_P3,Europe,Health_General,75000000.0,benchmark,5,Transport_Logistics,0.15968,22.36,1.25,0.0747,0.09581,24662.72,1076.64,195.92,75.88
hospitals_P3,Europe,Health_General,75000000.0,benchmark,5,Water_Waste,0.08747,6.74,0.82,0.5948,0.06036,24662.72,1076.64,195.92,75.88
hospitals_P3,Europe,Health_General,75000000.0,benchmark,6,Agriculture,0.03107,3.96,0.53,0.1088,0.02361,24781.78,1081.24,196.88,76.237
hospitals_P3,Europe,Health_General,75000000.0,benchmark,6,Construction,0.05322,9.13,0.51,0.0319,0.02554,24781.78,1081.24,196.88,76.237
hospitals_P3,Europe,Health_General,75000000.0,benchmark,6,Energy_Utilities,0.08926,8.82,0.32,0.0943,0.05713,24781.78,1081.24,196.88,76.237
hospitals_P3,Europe,Health_General,75000000.0,benchmark,6,Health_Social,0.05759,6.13,0.75,0.0415,0.04032,24781.78,1081.24,196.88,76.237
hospitals_P3,Europe,Health_General,75000000.0,benchmark,6,Manufacturing,0.15673,47.65,0.9,0.1928,0.06583,24781.78,1081.24,196.88,76.237
hospitals_P3,Europe,Health_General,75000000.0,benchmark,6,Mining_Extraction,0.13143,30.28,0.66,0.1893,0.0736,24781.78,1081.24,196.88,76.237
hospitals_P3,Europe,Health_General,75000000.0,benchmark,6,Transport_Logistics,0.07188,10.06,0.56,0.0336,0.04313,24781.78,1081.24,196.88,76.237
hospitals_P3,Europe,Health_General,75000000.0,benchmark,6,Water_Waste,0.03938,3.03,0.37,0.2678,0.02717,24781.78,1081.24,196.88,76.237
hospitals_P3,Europe,Health_General,75000000.0,benchmark,7,Agriculture,0.01399,1.78,0.24,0.049,0.01063,24835.37,1083.32,197.312,76.397
hospitals_P3,Europe,Health_General,75000000.0,benchmark,7,Construction,0.02396,4.11,0.23,0.0144,0.0115,24835.37,1083.32,197.312,76.397
hospitals_P3,Europe,Health_General,75000000.0,benchmark,7,Energy_Utilities,0.04018,3.97,0.14,0.0424,0.02572,24835.37,1083.32,197.312,76.397
hospitals_P3,Europe,Health_General,75000000.0,benchmark,7,Health_Social,0.02593,2.76,0.34,0.0187,0.01815,24835.37,1083.32,197.312,76.397
hospitals_P3,Europe,Health_General,75000000.0,benchmark,7,Manufacturing,0.07056,21.45,0.41,0.0868,0.02964,24835.37,1083.32,197.312,76.397
hospitals_P3,Europe,Health_General,75000000.0,benchmark,7,Mining_Extraction,0.05917,13.63,0.3,0.0852,0.03313,24835.37,1083.32,197.312,76.397
hospitals_P3,Europe,Health_General,75000000.0,benchmark,7,Transport_Logistics,0.03236,4.53,0.25,0.0151,0.01942,24835.37,1083.32,197.312,76.397
hospitals_P3,Europe,Health_General,75000000.0,benchmark,7,Water_Waste,0.01773,1.36,0.17,0.1205,0.01223,24835.37,1083.32,197.312,76.397
hospitals_P3,Europe,Health_General,75000000.0,benchmark,8,Agriculture,0.0063,0.8,0.11,0.022,0.00479,24859.5,1084.24,197.506,76.469
hospitals_P3,Europe,Health_General,75000000.0,benchmark,8,Construction,0.01079,1.85,0.1,0.0065,0.00518,24859.5,1084.24,197.506,76.469
hospitals_P3,Europe,Health_General,75000000.0,benchmark,8,Energy_Utilities,0.01809,1.79,0.07,0.0191,0.01158,24859.5,1084.24,197.506,76.469
hospitals_P3,Europe,Health_General,75000000.0,benchmark,8,Health_Social,0.01167,1.24,0.15,0.0084,0.00817,24859.5,1084.24,197.506,76.469
hospitals_P3,Europe,Health_General,75000000.0,benchmark,8,Manufacturing,0.03177,9.66,0.18,0.0391,0.01334,24859.5,1084.24,197.506,76.469
hospitals_P3,Europe,Health_General,75000000.0,benchmark,8,Mining_Extraction,0.02664,6.14,0.13,0.0384,0.01492,24859.5,1084.24,197.506,76.469
hospitals_P3,Europe,Health_General,75000000.0,benchmark,8,Transport_Logistics,0.01457,2.04,0.11,0.0068,0.00874,24859.5,1084.24,197.506,76.469
hospitals_P3,Europe,Health_General,75000000.0,benchmark,8,Water_Waste,0.00798,0.61,0.07,0.0543,0.00551,24859.5,1084.24,197.506,76.469
hydro_P1,Africa,Energy,30000000.0,benchmark,0,Agriculture,0.3,50.4,11.1,2.475,0.228,11367.9,493.25,60.669,15.132
hydro_P1,Africa,Energy,30000000.0,benchmark,0,Construction,11.4,3511.2,252.17,14.136,5.472,11367.9,493.25,60.669,15.132
hydro_P1,Africa,Energy,30000000.0,benchmark,0,Energy_Utilities,3.0,1083.0,22.2,5.94,1.92,11367.9,493.25,60.669,15.132
hydro_P1,Africa,Energy,30000000.0,benchmark,0,Health_Social,0.9,178.92,26.24,1.2555,0.63,11367.9,493.25,60.669,15.132
hydro_P1,Africa,Energy,30000000.0,benchmark,0,Manufacturing,9.6,5034.24,116.74,21.888,4.032,11367.9,493.25,60.669,15.132
hydro_P1,Africa,Energy,30000000.0,benchmark,0,Mining_Extraction,2.1,927.36,22.34,5.7456,1.176,11367.9,493.25,60.669,15.132
hydro_P1,Africa,Energy,30000000.0,benchmark,0,Transport_Logistics,2.1,485.1,31.08,1.7892,1.26,11367.9,493.25,60.669,15.132
hydro_P1,Africa,Energy,30000000.0,benchmark,0,Water_Waste,0.6,97.68,11.38,7.44,0.414,11367.9,493.25,60.669,15.132
hydro_P1,Africa,Energy,30000000.0,benchmark,1,Agriculture,0.5118,85.98,18.94,4.2224,0.38897,16976.96,721.21,101.634,23.501
hydro_P1,Africa,Energy,30000000.0,benchmark,1,Construction,1.425,438.9,31.52,1.767,0.684,16976.96,721.21,101.634,23.501
hydro_P1,Africa,Energy,30000000.0,benchmark,1,Energy_Utilities,2.0055,723.99,14.84,3.9709,1.28352,16976.96,721.21,101.634,23.501
hydro_P1,Africa,Energy,30000000.0,benchmark,1,Health_Social,1.3488,268.14,39.33,1.8816,0.94416,16976.96,721.21,101.634,23.501
hydro_P1,Africa,Energy,30000000.0,benchmark,1,Manufacturing,4.0605,2129.33,49.38,9.2579,1.70541,16976.96,721.21,101.634,23.501
hydro_P1,Africa,Energy,30000000.0,benchmark,1,Mining_Extraction,3.3012,1457.81,35.12,9.0321,1.84867,16976.96,721.21,101.634,23.501
hydro_P1,Africa,Energy,30000000.0,benchmark,1,Transport_Logistics,1.65,381.15,24.42,1.4058,0.99,16976.96,721.21,101.634,23.501
hydro_P1,Africa,Energy,30000000.0,benchmark,1,Water_Waste,0.7602,123.76,14.41,9.4265,0.52454,16976.96,721.21,101.634,23.501
hydro_P1,Africa,Energy,30000000.0,benchmark,2,Agriculture,0.3117,52.37,11.53,2.5716,0.2369,19500.01,827.56,121.527,27.389
hydro_P1,Africa,Energy,30000000.0,benchmark,2,Construction,0.59899,184.49,13.25,0.7427,0.28751,19500.01,827.56,121.527,27.389
hydro_P1,Africa,Energy,30000000.0,benchmark,2,Energy_Utilities,0.96228,347.38,7.12,1.9053,0.61586,19500.01,827.56,121.527,27.389
hydro_P1,Africa,Energy,30000000.0,benchmark,2,Health_Social,0.6222,123.69,18.14,0.868,0.43554,19500.01,827.56,121.527,27.389
hydro_P1,Africa,Energy,30000000.0,benchmark,2,Manufacturing,1.7491,917.23,21.27,3.988,0.73462,19500.01,827.56,121.527,27.389
hydro_P1,Africa,Energy,30000000.0,benchmark,2,Mining_Extraction,1.47352,650.71,15.68,4.0316,0.82517,19500.01,827.56,121.527,27.389
hydro_P1,Africa,Energy,30000000.0,benchmark,2,Transport_Logistics,0.77886,179.92,11.53,0.6636,0.46731,19500.01,827.56,121.527,27.389
hydro_P1,Africa,Energy,30000000.0,benchmark,2,Water_Waste,0.41315,67.26,7.83,5.1231,0.28508,19500.01,827.56,121.527,27.389
hydro_P1,Africa,Energy,30000000.0,benchmark,3,Agriculture,0.15025,25.24,5.56,1.2396,0.11419,20635.6,875.93,130.637,29.154
hydro_P1,Africa,Energy,30000000.0,benchmark,3,Construction,0.26546,81.76,5.87,0.3292,0.12742,20635.6,875.93,130.637,29.154
hydro_P1,Africa,Energy,30000000.0,benchmark,3,Energy_Utilities,0.44096,159.19,3.26,0.8731,0.28222,20635.6,875.93,130.637,29.154
hydro_P1,Africa,Energy,30000000.0,benchmark,3,Health_Social,0.28407,56.47,8.28,0.3963,0.19885,20635.6,875.93,130.637,29.154
hydro_P1,Africa,Energy,30000000.0,benchmark,3,Manufacturing,0.78178,409.97,9.51,1.7825,0.32835,20635.6,875.93,130.637,29.154
hydro_P1,Africa,Energy,30000000.0,benchmark,3,Mining_Extraction,0.65549,289.46,6.97,1.7934,0.36707,20635.6,875.93,130.637,29.154
hydro_P1,Africa,Energy,30000000.0,benchmark,3,Transport_Logistics,0.35531,82.08,5.26,0.3027,0.21318,20635.6,875.93,130.637,29.154
hydro_P1,Africa,Energy,30000000.0,benchmark,3,Water_Waste,0.193,31.42,3.66,2.3932,0.13317,20635.6,875.93,130.637,29.154
hydro_P1,Africa,Energy,30000000.0,benchmark,4,Agriculture,0.06895,11.58,2.55,0.5688,0.0524,21146.74,897.78,134.758,29.95
hydro_P1,Africa,Energy,30000000.0,benchmark,4,Construction,0.11919,36.71,2.64,0.1478,0.05721,21146.74,897.78,134.758,29.95
hydro_P1,Africa,Energy,30000000.0,benchmark,4,Energy_Utilities,0.19931,71.95,1.47,0.3946,0.12756,21146.74,897.78,134.758,29.95
hydro_P1,Africa,Energy,30000000.0,benchmark,4,Health_Social,0.12852,25.55,3.75,0.1793,0.08997,21146.74,897.78,134.758,29.95
hydro_P1,Africa,Energy,30000000.0,benchmark,4,Manufacturing,0.35089,184.01,4.27,0.8,0.14737,21146.74,897.78,134.758,29.95
hydro_P1,Africa,Energy,30000000.0,benchmark,4,Mining_Extraction,0.29435,129.98,3.13,0.8053,0.16483,21146.74,897.78,134.758,29.95
hydro_P1,Africa,Energy,30000000.0,benchmark,4,Transport_Logistics,0.16053,37.08,2.38,0.1368,0.09632,21146.74,897.78,134.758,29.95
hydro_P1,Africa,Energy,30000000.0,benchmark,4,Water_Waste,0.08774,14.28,1.66,1.088,0.06054,21146.74,897.78,134.758,29.95
hydro_P1,Africa,Energy,30000000.0,benchmark,5,Agriculture,0.03121,5.24,1.15,0.2575,0.02372,21376.85,907.62,136.616,30.309
hydro_P1,Africa,Energy,30000000.0,benchmark,5,Construction,0.0536,16.51,1.19,0.0665,0.02573,21376.85,907.62,136.616,30.309
hydro_P1,Africa,Energy,30000000.0,benchmark,5,Energy_Utilities,0.08983,32.43,0.66,0.1779,0.05749,21376.85,907.62,136.616,30.309
hydro_P1,Africa,Energy,30000000.0,benchmark,5,Health_Social,0.05795,11.52,1.69,0.0808,0.04057,21376.85,907.62,136.616,30.309
hydro_P1,Africa,Energy,30000000.0,benchmark,5,Manufacturing,0.15787,82.79,1.92,0.3599,0.0663,21376.85,907.62,136.616,30.309
hydro_P1,Africa,Energy,30000000.0,benchmark,5,Mining_Extraction,0.13238,58.46,1.41,0.3622,0.07413,21376.85,907.62,136.616,30.309
hydro_P1,Africa,Energy,30000000.0,benchmark,5,Transport_Logistics,0.07235,16.71,1.07,0.0616,0.04341,21376.85,907.62,136.616,30.309
hydro_P1,Africa,Energy,30000000.0,benchmark,5,Water_Waste,0.0396,6.45,0.75,0.4911,0.02733,21376.85,907.62,136.616,30.309
hydro_P1,Africa,Energy,30000000.0,benchmark,6,Agriculture,0.01407,2.36,0.52,0.1161,0.0107,21480.43,912.04,137.452,30.47
hydro_P1,Africa,Energy,30000000.0,benchmark,6,Construction,0.02413,7.43,0.53,0.0299,0.01158,21480.43,912.04,137.452,30.47
hydro_P1,Africa,Energy,30000000.0,benchmark,6,Energy_Utilities,0.04045,14.6,0.3,0.0801,0.02589,21480.43,912.04,137.452,30.47
hydro_P1,Africa,Energy,30000000.0,benchmark,6,Health_Social,0.0261,5.19,0.76,0.0364,0.01827,21480.43,912.04,137.452,30.47
hydro_P1,Africa,Energy,30000000.0,benchmark,6,Manufacturing,0.07105,37.26,0.86,0.162,0.02984,21480.43,912.04,137.452,30.47
hydro_P1,Africa,Energy,30000000.0,benchmark,6,Mining_Extraction,0.05958,26.31,0.63,0.163,0.03337,21480.43,912.04,137.452,30.47
hydro_P1,Africa,Energy,30000000.0,benchmark,6,Transport_Logistics,0.03258,7.53,0.48,0.0278,0.01955,21480.43,912.04,137.452,30.47
hydro_P1,Africa,Energy,30000000.0,benchmark,6,Water_Waste,0.01784,2.9,0.34,0.2212,0.01231,21480.43,912.04,137.452,30.47
hydro_P1,Africa,Energy,30000000.0,benchmark,7,Agriculture,0.00634,1.06,0.23,0.0523,0.00482,21527.07,914.03,137.829,30.543
hydro_P1,Africa,Energy,30000000.0,benchmark,7,Construction,0.01086,3.35,0.24,0.0135,0.00521,21527.07,914.03,137.829,30.543
hydro_P1,Africa,Energy,30000000.0,benchmark,7,Energy_Utilities,0.01821,6.58,0.13,0.0361,0.01166,21527.07,914.03,137.829,30.543
hydro_P1,Africa,Energy,30000000.0,benchmark,7,Health_Social,0.01175,2.34,0.34,0.0164,0.00823,21527.07,914.03,137.829,30.543
hydro_P1,Africa,Energy,30000000.0,benchmark,7,Manufacturing,0.03199,16.77,0.39,0.0729,0.01343,21527.07,914.03,137.829,30.543
hydro_P1,Africa,Energy,30000000.0,benchmark,7,Mining_Extraction,0.02682,11.84,0.29,0.0734,0.01502,21527.07,914.03,137.829,30.543
hydro_P1,Africa,Energy,30000000.0,benchmark,7,Transport_Logistics,0.01467,3.39,0.22,0.0125,0.0088,21527.07,914.03,137.829,30.543
hydro_P1,Africa,Energy,30000000.0,benchmark,7,Water_Waste,0.00803,1.31,0.15,0.0996,0.00554,21527.07,914.03,137.829,30.543
hydro_P1,Africa,Energy,30000000.0,benchmark,8,Agriculture,0.00285,0.48,0.11,0.0235,0.00217,21548.07,914.94,137.998,30.576
hydro_P1,Africa,Energy,30000000.0,benchmark,8,Construction,0.00489,1.51,0.11,0.0061,0.00235,21548.07,914.94,137.998,30.576
hydro_P1,Africa,Energy,30000000.0,benchmark,8,Energy_Utilities,0.0082,2.96,0.06,0.0162,0.00525,21548.07,914.94,137.998,30.576
hydro_P1,Africa,Energy,30000000.0,benchmark,8,Health_Social,0.00529,1.05,0.15,0.0074,0.0037,21548.07,914.94,137.998,30.576
hydro_P1,Africa,Energy,30000000.0,benchmark,8,Manufacturing,0.0144,7.55,0.18,0.0328,0.00605,21548.07,914.94,137.998,30.576
hydro_P1,Africa,Energy,30000000.0,benchmark,8,Mining_Extraction,0.01207,5.33,0.13,0.033,0.00676,21548.07,914.94,137.998,30.576
hydro_P1,Africa,Energy,30000000.0,benchmark,8,Transport_Logistics,0.0066,1.53,0.1,0.0056,0.00396,21548.07,914.94,137.998,30.576
hydro_P1,Africa,Energy,30000000.0,benchmark,8,Water_Waste,0.00362,0.59,0.07,0.0449,0.0025,21548.07,914.94,137.998,30.576
hydro_P2,Asia,Energy,150000000.0,benchmark,0,Agriculture,1.5,247.5,51.75,11.625,1.14,52981.58,2211.24,289.316,75.66
hydro_P2,Asia,Energy,150000000.0,benchmark,0,Construction,57.0,16302.0,1101.24,64.752,27.36,52981.58,2211.24,289.316,75.66
hydro_P2,Asia,Energy,150000000.0,benchmark,0,Energy_Utilities,15.0,4788.0,99.0,27.36,9.6,52981.58,2211.24,289.316,75.66
hydro_P2,Asia,Energy,150000000.0,benchmark,0,Health_Social,4.5,831.6,115.02,5.8725,3.15,52981.58,2211.24,289.316,75.66
hydro_P2,Asia,Energy,150000000.0,benchmark,0,Manufacturing,48.0,23712.0,545.28,106.56,20.16,52981.58,2211.24,289.316,75.66
hydro_P2,Asia,Energy,150000000.0,benchmark,0,Mining_Extraction,10.5,4368.0,104.37,27.972,5.88,52981.58,2211.24,289.316,75.66
hydro_P2,Asia,Energy,150000000.0,benchmark,0,Transport_Logistics,10.5,2296.88,144.9,8.694,6.3,52981.58,2211.24,289.316,75.66
hydro_P2,Asia,Energy,150000000.0,benchmark,0,Water_Waste,3.0,435.6,49.68,36.48,2.07,52981.58,2211.24,289.316,75.66
hydro_P2,Asia,Energy,150000000.0,benchmark,1,Agriculture,2.559,422.24,88.29,19.8323,1.94484,79141.18,3247.25,486.428,117.506
hydro_P2,Asia,Energy,150000000.0,benchmark,1,Construction,7.125,2037.75,137.66,8.094,3.42,79141.18,3247.25,486.428,117.506
hydro_P2,Asia,Energy,150000000.0,benchmark,1,Energy_Utilities,10.0275,3200.78,66.18,18.2902,6.4176,79141.18,3247.25,486.428,117.506
hydro_P2,Asia,Energy,150000000.0,benchmark,1,Health_Social,6.744,1246.29,172.38,8.8009,4.7208,79141.18,3247.25,486.428,117.506
hydro_P2,Asia,Energy,150000000.0,benchmark,1,Manufacturing,20.3025,10029.44,230.64,45.0715,8.52705,79141.18,3247.25,486.428,117.506
hydro_P2,Asia,Energy,150000000.0,benchmark,1,Mining_Extraction,16.506,6866.5,164.07,43.972,9.24336,79141.18,3247.25,486.428,117.506
hydro_P2,Asia,Energy,150000000.0,benchmark,1,Transport_Logistics,8.25,1804.69,113.85,6.831,4.95,79141.18,3247.25,486.428,117.506
hydro_P2,Asia,Energy,150000000.0,benchmark,1,Water_Waste,3.801,551.91,62.94,46.2202,2.62269,79141.18,3247.25,486.428,117.506
hydro_P2,Asia,Energy,150000000.0,benchmark,2,Agriculture,1.55852,257.16,53.77,12.0785,1.18448,90902.63,3730.69,582.131,136.946
hydro_P2,Asia,Energy,150000000.0,benchmark,2,Construction,2.99494,856.55,57.86,3.4023,1.43757,90902.63,3730.69,582.131,136.946
hydro_P2,Asia,Energy,150000000.0,benchmark,2,Energy_Utilities,4.81142,1535.81,31.76,8.776,3.07931,90902.63,3730.69,582.131,136.946
hydro_P2,Asia,Energy,150000000.0,benchmark,2,Health_Social,3.11098,574.91,79.52,4.0598,2.17769,90902.63,3730.69,582.131,136.946
hydro_P2,Asia,Energy,150000000.0,benchmark,2,Manufacturing,8.74551,4320.28,99.35,19.415,3.67311,90902.63,3730.69,582.131,136.946
hydro_P2,Asia,Energy,150000000.0,benchmark,2,Mining_Extraction,7.3676,3064.92,73.23,19.6273,4.12586,90902.63,3730.69,582.131,136.946
hydro_P2,Asia,Energy,150000000.0,benchmark,2,Transport_Logistics,3.89428,851.87,53.74,3.2245,2.33657,90902.63,3730.69,582.131,136.946
hydro_P2,Asia,Energy,150000000.0,benchmark,2,Water_Waste,2.06576,299.95,34.21,25.1197,1.42538,90902.63,3730.69,582.131,136.946
hydro_P2,Asia,Energy,150000000.0,benchmark,3,Agriculture,0.75125,123.96,25.92,5.8222,0.57095,96195.6,3950.59,625.95,145.769
hydro_P2,Asia,Energy,150000000.0,benchmark,3,Construction,1.32729,379.6,25.64,1.5078,0.6371,96195.6,3950.59,625.95,145.769
hydro_P2,Asia,Energy,150000000.0,benchmark,3,Energy_Utilities,2.20481,703.78,14.55,4.0216,1.41108,96195.6,3950.59,625.95,145.769
hydro_P2,Asia,Energy,150000000.0,benchmark,3,Health_Social,1.42036,262.48,36.3,1.8536,0.99425,96195.6,3950.59,625.95,145.769
hydro_P2,Asia,Energy,150000000.0,benchmark,3,Manufacturing,3.90891,1931.0,44.41,8.6778,1.64174,96195.6,3950.59,625.95,145.769
hydro_P2,Asia,Energy,150000000.0,benchmark,3,Mining_Extraction,3.27744,1363.41,32.58,8.7311,1.83537,96195.6,3950.59,625.95,145.769
hydro_P2,Asia,Energy,150000000.0,benchmark,3,Transport_Logistics,1.77654,388.62,24.52,1.471,1.06592,96195.6,3950.59,625.95,145.769
hydro_P2,Asia,Energy,150000000.0,benchmark,3,Water_Waste,0.965,140.12,15.98,11.7345,0.66585,96195.6,3950.59,625.95,145.769
hydro_P2,Asia,Energy,150000000.0,benchmark,4,Agriculture,0.34473,56.88,11.89,2.6717,0.262,98578.0,4049.9,645.77,149.75
hydro_P2,Asia,Energy,150000000.0,benchmark,4,Construction,0.59593,170.44,11.51,0.677,0.28605,98578.0,4049.9,645.77,149.75
hydro_P2,Asia,Energy,150000000.0,benchmark,4,Energy_Utilities,0.99655,318.1,6.58,1.8177,0.63779,98578.0,4049.9,645.77,149.75
hydro_P2,Asia,Energy,150000000.0,benchmark,4,Health_Social,0.64262,118.76,16.43,0.8386,0.44983,98578.0,4049.9,645.77,149.75
hydro_P2,Asia,Energy,150000000.0,benchmark,4,Manufacturing,1.75445,866.7,19.93,3.8949,0.73687,98578.0,4049.9,645.77,149.75
hydro_P2,Asia,Energy,150000000.0,benchmark,4,Mining_Extraction,1.47174,612.24,14.63,3.9207,0.82417,98578.0,4049.9,645.77,149.75
hydro_P2,Asia,Energy,150000000.0,benchmark,4,Transport_Logistics,0.80265,175.58,11.08,0.6646,0.48159,98578.0,4049.9,645.77,149.75
hydro_P2,Asia,Energy,150000000.0,benchmark,4,Water_Waste,0.4387,63.7,7.26,5.3346,0.3027,98578.0,4049.9,645.77,149.75
hydro_P2,Asia,Energy,150000000.0,benchmark,5,Agriculture,0.15605,25.75,5.38,1.2094,0.1186,99650.49,4094.65,654.704,151.543
hydro_P2,Asia,Energy,150000000.0,benchmark,5,Construction,0.26801,76.65,5.18,0.3045,0.12864,99650.49,4094.65,654.704,151.543
hydro_P2,Asia,Energy,150000000.0,benchmark,5,Energy_Utilities,0.44916,143.37,2.96,0.8193,0.28746,99650.49,4094.65,654.704,151.543
hydro_P2,Asia,Energy,150000000.0,benchmark,5,Health_Social,0.28975,53.55,7.41,0.3781,0.20283,99650.49,4094.65,654.704,151.543
hydro_P2,Asia,Energy,150000000.0,benchmark,5,Manufacturing,0.78934,389.93,8.97,1.7523,0.33152,99650.49,4094.65,654.704,151.543
hydro_P2,Asia,Energy,150000000.0,benchmark,5,Mining_Extraction,0.66192,275.36,6.58,1.7634,0.37067,99650.49,4094.65,654.704,151.543
hydro_P2,Asia,Energy,150000000.0,benchmark,5,Transport_Logistics,0.36174,79.13,4.99,0.2995,0.21704,99650.49,4094.65,654.704,151.543
hydro_P2,Asia,Energy,150000000.0,benchmark,5,Water_Waste,0.19802,28.75,3.28,2.4079,0.13663,99650.49,4094.65,654.704,151.543
hydro_P2,Asia,Energy,150000000.0,benchmark,6,Agriculture,0.07037,11.61,2.43,0.5454,0.05348,100133.31,4114.82,658.728,152.35
hydro_P2,Asia,Energy,150000000.0,benchmark,6,Construction,0.12063,34.5,2.33,0.137,0.0579,100133.31,4114.82,658.728,152.35
hydro_P2,Asia,Energy,150000000.0,benchmark,6,Energy_Utilities,0.20227,64.57,1.34,0.3689,0.12945,100133.31,4114.82,658.728,152.35
hydro_P2,Asia,Energy,150000000.0,benchmark,6,Health_Social,0.13051,24.12,3.34,0.1703,0.09135,100133.31,4114.82,658.728,152.35
hydro_P2,Asia,Energy,150000000.0,benchmark,6,Manufacturing,0.35527,175.51,4.04,0.7887,0.14922,100133.31,4114.82,658.728,152.35
hydro_P2,Asia,Energy,150000000.0,benchmark,6,Mining_Extraction,0.29792,123.93,2.96,0.7937,0.16684,100133.31,4114.82,658.728,152.35
hydro_P2,Asia,Energy,150000000.0,benchmark,6,Transport_Logistics,0.1629,35.63,2.25,0.1349,0.09774,100133.31,4114.82,658.728,152.35
hydro_P2,Asia,Energy,150000000.0,benchmark,6,Water_Waste,0.08921,12.95,1.48,1.0848,0.06156,100133.31,4114.82,658.728,152.35
hydro_P2,Asia,Energy,150000000.0,benchmark,7,Agriculture,0.03169,5.23,1.09,0.2456,0.02409,100350.67,4123.89,660.54,152.714
hydro_P2,Asia,Energy,150000000.0,benchmark,7,Construction,0.0543,15.53,1.05,0.0617,0.02607,100350.67,4123.89,660.54,152.714
hydro_P2,Asia,Energy,150000000.0,benchmark,7,Energy_Utilities,0.09107,29.07,0.6,0.1661,0.05829,100350.67,4123.89,660.54,152.714
hydro_P2,Asia,Energy,150000000.0,benchmark,7,Health_Social,0.05876,10.86,1.5,0.0767,0.04113,100350.67,4123.89,660.54,152.714
hydro_P2,Asia,Energy,150000000.0,benchmark,7,Manufacturing,0.15993,79.01,1.82,0.3551,0.06717,100350.67,4123.89,660.54,152.714
hydro_P2,Asia,Energy,150000000.0,benchmark,7,Mining_Extraction,0.13411,55.79,1.33,0.3573,0.0751,100350.67,4123.89,660.54,152.714
hydro_P2,Asia,Energy,150000000.0,benchmark,7,Transport_Logistics,0.07334,16.04,1.01,0.0607,0.04401,100350.67,4123.89,660.54,152.714
hydro_P2,Asia,Energy,150000000.0,benchmark,7,Water_Waste,0.04017,5.83,0.67,0.4885,0.02772,100350.67,4123.89,660.54,152.714
hydro_P2,Asia,Energy,150000000.0,benchmark,8,Agriculture,0.01427,2.35,0.49,0.1106,0.01085,100448.53,4127.98,661.355,152.878
hydro_P2,Asia,Energy,150000000.0,benchmark,8,Construction,0.02445,6.99,0.47,0.0278,0.01173,100448.53,4127.98,661.355,152.878
hydro_P2,Asia,Energy,150000000.0,benchmark,8,Energy_Utilities,0.041,13.09,0.27,0.0748,0.02624,100448.53,4127.98,661.355,152.878
hydro_P2,Asia,Energy,150000000.0,benchmark,8,Health_Social,0.02645,4.89,0.68,0.0345,0.01852,100448.53,4127.98,661.355,152.878
hydro_P2,Asia,Energy,150000000.0,benchmark,8,Manufacturing,0.072,35.57,0.82,0.1598,0.03024,100448.53,4127.98,661.355,152.878
hydro_P2,Asia,Energy,150000000.0,benchmark,8,Mining_Extraction,0.06037,25.12,0.6,0.1608,0.03381,100448.53,4127.98,661.355,152.878
hydro_P2,Asia,Energy,150000000.0,benchmark,8,Transport_Logistics,0.03302,7.22,0.46,0.0273,0.01981,100448.53,4127.98,661.355,152.878
hydro_P2,Asia,Energy,150000000.0,benchmark,8,Water_Waste,0.01809,2.63,0.3,0.2199,0.01248,100448.53,4127.98,661.355,152.878
hydro_P3,Europe,Energy,2000000.0,benchmark,0,Agriculture,0.02,2.55,0.34,0.07,0.0152,408.61,14.94,2.107,1.009
hydro_P3,Europe,Energy,2000000.0,benchmark,0,Construction,0.76,130.42,7.24,0.456,0.3648,408.61,14.94,2.107,1.009
hydro_P3,Europe,Energy,2000000.0,benchmark,0,Energy_Utilities,0.2,19.76,0.72,0.2112,0.128,408.61,14.94,2.107,1.009
hydro_P3,Europe,Energy,2000000.0,benchmark,0,Health_Social,0.06,6.38,0.78,0.0432,0.042,408.61,14.94,2.107,1.009
hydro_P3,Europe,Energy,2000000.0,benchmark,0,Manufacturing,0.64,194.56,3.69,0.7872,0.2688,408.61,14.94,2.107,1.009
hydro_P3,Europe,Energy,2000000.0,benchmark,0,Mining_Extraction,0.14,32.26,0.71,0.2016,0.0784,408.61,14.94,2.107,1.009
hydro_P3,Europe,Energy,2000000.0,benchmark,0,Transport_Logistics,0.14,19.6,1.09,0.0655,0.084,408.61,14.94,2.107,1.009
hydro_P3,Europe,Energy,2000000.0,benchmark,0,Water_Waste,0.04,3.08,0.37,0.272,0.0276,408.61,14.94,2.107,1.009
hydro_P3,Europe,Energy,2000000.0,benchmark,1,Agriculture,0.03412,4.35,0.58,0.1194,0.02593,604.34,22.07,3.535,1.567
hydro_P3,Europe,Energy,2000000.0,benchmark,1,Construction,0.095,16.3,0.9,0.057,0.0456,604.34,22.07,3.535,1.567
hydro_P3,Europe,Energy,2000000.0,benchmark,1,Energy_Utilities,0.1337,13.21,0.48,0.1412,0.08557,604.34,22.07,3.535,1.567
hydro_P3,Europe,Energy,2000000.0,benchmark,1,Health_Social,0.08992,9.57,1.17,0.0647,0.06294,604.34,22.07,3.535,1.567
hydro_P3,Europe,Energy,2000000.0,benchmark,1,Manufacturing,0.2707,82.29,1.56,0.333,0.11369,604.34,22.07,3.535,1.567
hydro_P3,Europe,Energy,2000000.0,benchmark,1,Mining_Extraction,0.22008,50.71,1.11,0.3169,0.12324,604.34,22.07,3.535,1.567
hydro_P3,Europe,Energy,2000000.0,benchmark,1,Transport_Logistics,0.11,15.4,0.86,0.0515,0.066,604.34,22.07,3.535,1.567
hydro_P3,Europe,Energy,2000000.0,benchmark,1,Water_Waste,0.05068,3.9,0.47,0.3446,0.03497,604.34,22.07,3.535,1.567
hydro_P3,Europe,Energy,2000000.0,benchmark,2,Agriculture,0.02078,2.65,0.35,0.0727,0.01579,692.06,25.41,4.226,1.826
hydro_P3,Europe,Energy,2000000.0,benchmark,2,Construction,0.03993,6.85,0.38,0.024,0.01917,692.06,25.41,4.226,1.826
hydro_P3,Europe,Energy,2000000.0,benchmark,2,Energy_Utilities,0.06415,6.34,0.23,0.0677,0.04106,692.06,25.41,4.226,1.826
hydro_P3,Europe,Energy,2000000.0,benchmark,2,Health_Social,0.04148,4.41,0.54,0.0299,0.02904,692.06,25.41,4.226,1.826
hydro_P3,Europe,Energy,2000000.0,benchmark,2,Manufacturing,0.11661,35.45,0.67,0.1434,0.04897,692.06,25.41,4.226,1.826
hydro_P3,Europe,Energy,2000000.0,benchmark,2,Mining_Extraction,0.09823,22.63,0.5,0.1415,0.05501,692.06,25.41,4.226,1.826
hydro_P3,Europe,Energy,2000000.0,benchmark,2,Transport_Logistics,0.05192,7.27,0.41,0.0243,0.03115,692.06,25.41,4.226,1.826
hydro_P3,Europe,Energy,2000000.0,benchmark,2,Water_Waste,0.02754,2.12,0.26,0.1873,0.01901,692.06,25.41,4.226,1.826
hydro_P3,Europe,Energy,2000000.0,benchmark,3,Agriculture,0.01002,1.28,0.17,0.0351,0.00761,731.52,26.93,4.542,1.944
hydro_P3,Europe,Energy,2000000.0,benchmark,3,Construction,0.0177,3.04,0.17,0.0106,0.00849,731.52,26.93,4.542,1.944
hydro_P3,Europe,Energy,2000000.0,benchmark,3,Energy_Utilities,0.0294,2.9,0.11,0.031,0.01881,731.52,26.93,4.542,1.944
hydro_P3,Europe,Energy,2000000.0,benchmark,3,Health_Social,0.01894,2.02,0.25,0.0136,0.01326,731.52,26.93,4.542,1.944
hydro_P3,Europe,Energy,2000000.0,benchmark,3,Manufacturing,0.05212,15.84,0.3,0.0641,0.02189,731.52,26.93,4.542,1.944
hydro_P3,Europe,Energy,2000000.0,benchmark,3,Mining_Extraction,0.0437,10.07,0.22,0.0629,0.02447,731.52,26.93,4.542,1.944
hydro_P3,Europe,Energy,2000000.0,benchmark,3,Transport_Logistics,0.02369,3.32,0.18,0.0111,0.01421,731.52,26.93,4.542,1.944
hydro_P3,Europe,Energy,2000000.0,benchmark,3,Water_Waste,0.01287,0.99,0.12,0.0875,0.00888,731.52,26.93,4.542,1.944
hydro_P3,Europe,Energy,2000000.0,benchmark,4,Agriculture,0.0046,0.59,0.08,0.0161,0.00349,749.27,27.61,4.685,1.997
hydro_P3,Europe,Energy,2000000.0,benchmark,4,Construction,0.00795,1.36,0.08,0.0048,0.00381,749.27,27.61,4.685,1.997
hydro_P3,Europe,Energy,2000000.0,benchmark,4,Energy_Utilities,0.01329,1.31,0.05,0.014,0.0085,749.27,27.61,4.685,1.997
hydro_P3,Europe,Energy,2000000.0,benchmark,4,Health_Social,0.00857,0.91,0.11,0.0062,0.006,749.27,27.61,4.685,1.997
hydro_P3,Europe,Energy,2000000.0,benchmark,4,Manufacturing,0.02339,7.11,0.13,0.0288,0.00982,749.27,27.61,4.685,1.997
hydro_P3,Europe,Energy,2000000.0,benchmark,4,Mining_Extraction,0.01962,4.52,0.1,0.0283,0.01099,749.27,27.61,4.685,1.997
hydro_P3,Europe,Energy,2000000.0,benchmark,4,Transport_Logistics,0.0107,1.5,0.08,0.005,0.00642,749.27,27.61,4.685,1.997
hydro_P3,Europe,Energy,2000000.0,benchmark,4,Water_Waste,0.00585,0.45,0.05,0.0398,0.00404,749.27,27.61,4.685,1.997
hydro_P3,Europe,Energy,2000000.0,benchmark,5,Agriculture,0.00208,0.27,0.04,0.0073,0.00158,757.26,27.91,4.749,2.021
hydro_P3,Europe,Energy,2000000.0,benchmark,5,Construction,0.00357,0.61,0.03,0.0021,0.00172,757.26,27.91,4.749,2.021
hydro_P3,Europe,Energy,2000000.0,benchmark,5,Energy_Utilities,0.00599,0.59,0.02,0.0063,0.00383,757.26,27.91,4.749,2.021
hydro_P3,Europe,Energy,2000000.0,benchmark,5,Health_Social,0.00386,0.41,0.05,0.0028,0.0027,757.26,27.91,4.749,2.021
hydro_P3,Europe,Energy,2000000.0,benchmark,5,Manufacturing,0.01052,3.2,0.06,0.0129,0.00442,757.26,27.91,4.749,2.021
hydro_P3,Europe,Energy,2000000.0,benchmark,5,Mining_Extraction,0.00883,2.03,0.04,0.0127,0.00494,757.26,27.91,4.749,2.021
hydro_P3,Europe,Energy,2000000.0,benchmark,5,Transport_Logistics,0.00482,0.68,0.04,0.0023,0.00289,757.26,27.91,4.749,2.021
hydro_P3,Europe,Energy,2000000.0,benchmark,5,Water_Waste,0.00264,0.2,0.02,0.018,0.00182,757.26,27.91,4.749,2.021
hydro_P3,Europe,Energy,2000000.0,benchmark,6,Agriculture,0.00094,0.12,0.02,0.0033,0.00071,760.87,28.06,4.778,2.031
hydro_P3,Europe,Energy,2000000.0,benchmark,6,Construction,0.00161,0.28,0.02,0.001,0.00077,760.87,28.06,4.778,2.031
hydro_P3,Europe,Energy,2000000.0,benchmark,6,Energy_Utilities,0.0027,0.27,0.01,0.0028,0.00173,760.87,28.06,4.778,2.031
hydro_P3,Europe,Energy,2000000.0,benchmark,6,Health_Social,0.00174,0.19,0.02,0.0013,0.00122,760.87,28.06,4.778,2.031
hydro_P3,Europe,Energy,2000000.0,benchmark,6,Manufacturing,0.00474,1.44,0.03,0.0058,0.00199,760.87,28.06,4.778,2.031
hydro_P3,Europe,Energy,2000000.0,benchmark,6,Mining_Extraction,0.00397,0.92,0.02,0.0057,0.00222,760.87,28.06,4.778,2.031
hydro_P3,Europe,Energy,2000000.0,benchmark,6,Transport_Logistics,0.00217,0.3,0.02,0.001,0.0013,760.87,28.06,4.778,2.031
hydro_P3,Europe,Energy,2000000.0,benchmark,6,Water_Waste,0.00119,0.09,0.01,0.0081,0.00082,760.87,28.06,4.778,2.031
hydro_P3,Europe,Energy,2000000.0,benchmark,7,Agriculture,0.00042,0.05,0.01,0.0015,0.00032,762.48,28.13,4.791,2.036
hydro_P3,Europe,Energy,2000000.0,benchmark,7,Construction,0.00072,0.12,0.01,0.0004,0.00035,762.48,28.13,4.791,2.036
hydro_P3,Europe,Energy,2000000.0,benchmark,7,Energy_Utilities,0.00121,0.12,0.0,0.0013,0.00078,762.48,28.13,4.791,2.036
hydro_P3,Europe,Energy,2000000.0,benchmark,7,Health_Social,0.00078,0.08,0.01,0.0006,0.00055,762.48,28.13,4.791,2.036
hydro_P3,Europe,Energy,2000000.0,benchmark,7,Manufacturing,0.00213,0.65,0.01,0.0026,0.0009,762.48,28.13,4.791,2.036
hydro_P3,Europe,Energy,2000000.0,benchmark,7,Mining_Extraction,0.00179,0.41,0.01,0.0026,0.001,762.48,28.13,4.791,2.036
hydro_P3,Europe,Energy,2000000.0,benchmark,7,Transport_Logistics,0.00098,0.14,0.01,0.0005,0.00059,762.48,28.13,4.791,2.036
hydro_P3,Europe,Energy,2000000.0,benchmark,7,Water_Waste,0.00054,0.04,0.01,0.0036,0.00037,762.48,28.13,4.791,2.036
hydro_P3,Europe,Energy,2000000.0,benchmark,8,Agriculture,0.00019,0.02,0.0,0.0007,0.00014,763.21,28.14,4.797,2.038
hydro_P3,Europe,Energy,2000000.0,benchmark,8,Construction,0.00033,0.06,0.0,0.0002,0.00016,763.21,28.14,4.797,2.038
hydro_P3,Europe,Energy,2000000.0,benchmark,8,Energy_Utilities,0.00055,0.05,0.0,0.0006,0.00035,763.21,28.14,4.797,2.038
hydro_P3,Europe,Energy,2000000.0,benchmark,8,Health_Social,0.00035,0.04,0.0,0.0003,0.00025,763.21,28.14,4.797,2.038
hydro_P3,Europe,Energy,2000000.0,benchmark,8,Manufacturing,0.00096,0.29,0.01,0.0012,0.0004,763.21,28.14,4.797,2.038
hydro_P3,Europe,Energy,2000000.0,benchmark,8,Mining_Extraction,0.0008,0.19,0.0,0.0012,0.00045,763.21,28.14,4.797,2.038
hydro_P3,Europe,Energy,2000000.0,benchmark,8,Transport_Logistics,0.00044,0.06,0.0,0.0002,0.00026,763.21,28.14,4.797,2.038
hydro_P3,Europe,Energy,2000000.0,benchmark,8,Water_Waste,0.00024,0.02,0.0,0.0016,0.00017,763.21,28.14,4.797,2.038
rail_P1,Europe,Rail_Dev,2016500000.0000002,benchmark,0,Agriculture,20.165,2571.04,342.81,70.5775,15.3254,395441.7,15226.19,2334.704,1043.74
rail_P1,Europe,Rail_Dev,2016500000.0000002,benchmark,0,Construction,705.775,121110.99,6718.98,423.465,338.772,395441.7,15226.19,2334.704,1043.74
rail_P1,Europe,Rail_Dev,2016500000.0000002,benchmark,0,Energy_Utilities,201.65,19923.02,725.94,212.9424,129.056,395441.7,15226.19,2334.704,1043.74
rail_P1,Europe,Rail_Dev,2016500000.0000002,benchmark,0,Health_Social,80.66,8582.22,1045.35,58.0752,56.462,395441.7,15226.19,2334.704,1043.74
rail_P1,Europe,Rail_Dev,2016500000.0000002,benchmark,0,Manufacturing,564.62,171644.48,3252.21,694.4826,237.1404,395441.7,15226.19,2334.704,1043.74
rail_P1,Europe,Rail_Dev,2016500000.0000002,benchmark,0,Mining_Extraction,161.32,37168.13,813.05,232.3008,90.3392,395441.7,15226.19,2334.704,1043.74
rail_P1,Europe,Rail_Dev,2016500000.0000002,benchmark,0,Transport_Logistics,201.65,28231.0,1572.87,94.3722,120.99,395441.7,15226.19,2334.704,1043.74
rail_P1,Europe,Rail_Dev,2016500000.0000002,benchmark,0,Water_Waste,80.66,6210.82,754.98,548.488,55.6554,395441.7,15226.19,2334.704,1043.74
rail_P1,Europe,Rail_Dev,2016500000.0000002,benchmark,1,Agriculture,34.11918,4350.2,580.03,119.4171,25.93058,585915.01,22239.78,3746.04,1592.479
rail_P1,Europe,Rail_Dev,2016500000.0000002,benchmark,1,Construction,89.9359,15433.0,856.19,53.9615,43.16923,585915.01,22239.78,3746.04,1592.479
rail_P1,Europe,Rail_Dev,2016500000.0000002,benchmark,1,Energy_Utilities,136.01292,13438.08,489.65,143.6296,87.04827,585915.01,22239.78,3746.04,1592.479
rail_P1,Europe,Rail_Dev,2016500000.0000002,benchmark,1,Health_Social,90.92399,9674.31,1178.37,65.4653,63.64679,585915.01,22239.78,3746.04,1592.479
rail_P1,Europe,Rail_Dev,2016500000.0000002,benchmark,1,Manufacturing,264.1615,80305.1,1521.57,324.9186,110.94783,585915.01,22239.78,3746.04,1592.479
rail_P1,Europe,Rail_Dev,2016500000.0000002,benchmark,1,Mining_Extraction,208.22379,47974.76,1049.45,299.8423,116.60532,585915.01,22239.78,3746.04,1592.479
rail_P1,Europe,Rail_Dev,2016500000.0000002,benchmark,1,Transport_Logistics,109.2943,15301.2,852.5,51.1497,65.57658,585915.01,22239.78,3746.04,1592.479
rail_P1,Europe,Rail_Dev,2016500000.0000002,benchmark,1,Water_Waste,51.90471,3996.66,485.83,352.952,35.81425,585915.01,22239.78,3746.04,1592.479
rail_P1,Europe,Rail_Dev,2016500000.0000002,benchmark,2,Agriculture,20.50543,2614.44,348.59,71.769,15.58412,671352.91,25496.78,4422.302,1845.735
rail_P1,Europe,Rail_Dev,2016500000.0000002,benchmark,2,Construction,38.91331,6677.52,370.45,23.348,18.67839,671352.91,25496.78,4422.302,1845.735
rail_P1,Europe,Rail_Dev,2016500000.0000002,benchmark,2,Energy_Utilities,62.78101,6202.76,226.01,66.2967,40.17984,671352.91,25496.78,4422.302,1845.735
rail_P1,Europe,Rail_Dev,2016500000.0000002,benchmark,2,Health_Social,40.75947,4336.81,528.24,29.3468,28.53163,671352.91,25496.78,4422.302,1845.735
rail_P1,Europe,Rail_Dev,2016500000.0000002,benchmark,2,Manufacturing,112.99377,34350.11,650.84,138.9823,47.45738,671352.91,25496.78,4422.302,1845.735
rail_P1,Europe,Rail_Dev,2016500000.0000002,benchmark,2,Mining_Extraction,95.73511,22057.37,482.5,137.8586,53.61166,671352.91,25496.78,4422.302,1845.735
rail_P1,Europe,Rail_Dev,2016500000.0000002,benchmark,2,Transport_Logistics,50.75036,7105.05,395.85,23.7512,30.45022,671352.91,25496.78,4422.302,1845.735
rail_P1,Europe,Rail_Dev,2016500000.0000002,benchmark,2,Water_Waste,27.19266,2093.84,254.52,184.9101,18.76294,671352.91,25496.78,4422.302,1845.735
rail_P1,Europe,Rail_Dev,2016500000.0000002,benchmark,3,Agriculture,9.79984,1249.48,166.6,34.2995,7.44788,709800.18,26975.03,4730.558,1960.441
rail_P1,Europe,Rail_Dev,2016500000.0000002,benchmark,3,Construction,17.2168,2954.4,163.9,10.3301,8.26407,709800.18,26975.03,4730.558,1960.441
rail_P1,Europe,Rail_Dev,2016500000.0000002,benchmark,3,Energy_Utilities,28.69271,2834.84,103.29,30.2995,18.36334,709800.18,26975.03,4730.558,1960.441
rail_P1,Europe,Rail_Dev,2016500000.0000002,benchmark,3,Health_Social,18.49373,1967.73,239.68,13.3155,12.94561,709800.18,26975.03,4730.558,1960.441
rail_P1,Europe,Rail_Dev,2016500000.0000002,benchmark,3,Manufacturing,50.78882,15439.8,292.54,62.4702,21.3313,709800.18,26975.03,4730.558,1960.441
rail_P1,Europe,Rail_Dev,2016500000.0000002,benchmark,3,Mining_Extraction,42.52554,9797.88,214.33,61.2368,23.8143,709800.18,26975.03,4730.558,1960.441
rail_P1,Europe,Rail_Dev,2016500000.0000002,benchmark,3,Transport_Logistics,23.10779,3235.09,180.24,10.8144,13.86467,709800.18,26975.03,4730.558,1960.441
rail_P1,Europe,Rail_Dev,2016500000.0000002,benchmark,3,Water_Waste,12.57205,968.05,117.67,85.4899,8.67471,709800.18,26975.03,4730.558,1960.441
rail_P1,Europe,Rail_Dev,2016500000.0000002,benchmark,4,Agriculture,4.48548,571.9,76.25,15.6992,3.40896,727103.14,27642.3,4869.84,2012.181
rail_P1,Europe,Rail_Dev,2016500000.0000002,benchmark,4,Construction,7.74308,1328.71,73.71,4.6458,3.71668,727103.14,27642.3,4869.84,2012.181
rail_P1,Europe,Rail_Dev,2016500000.0000002,benchmark,4,Energy_Utilities,12.95265,1279.72,46.63,13.678,8.28969,727103.14,27642.3,4869.84,2012.181
rail_P1,Europe,Rail_Dev,2016500000.0000002,benchmark,4,Health_Social,8.35425,888.89,108.27,6.0151,5.84798,727103.14,27642.3,4869.84,2012.181
rail_P1,Europe,Rail_Dev,2016500000.0000002,benchmark,4,Manufacturing,22.79029,6928.25,131.27,28.0321,9.57192,727103.14,27642.3,4869.84,2012.181
rail_P1,Europe,Rail_Dev,2016500000.0000002,benchmark,4,Mining_Extraction,19.12191,4405.69,96.37,27.5355,10.70827,727103.14,27642.3,4869.84,2012.181
rail_P1,Europe,Rail_Dev,2016500000.0000002,benchmark,4,Transport_Logistics,10.4323,1460.52,81.37,4.8823,6.25938,727103.14,27642.3,4869.84,2012.181
rail_P1,Europe,Rail_Dev,2016500000.0000002,benchmark,4,Water_Waste,5.70488,439.28,53.4,38.7932,3.93637,727103.14,27642.3,4869.84,2012.181
rail_P1,Europe,Rail_Dev,2016500000.0000002,benchmark,5,Agriculture,2.02856,258.64,34.49,7.1,1.54171,734892.45,27942.94,4932.604,2035.486
rail_P1,Europe,Rail_Dev,2016500000.0000002,benchmark,5,Construction,3.48221,597.55,33.15,2.0893,1.67146,734892.45,27942.94,4932.604,2035.486
rail_P1,Europe,Rail_Dev,2016500000.0000002,benchmark,5,Energy_Utilities,5.83705,576.7,21.01,6.1639,3.73571,734892.45,27942.94,4932.604,2035.486
rail_P1,Europe,Rail_Dev,2016500000.0000002,benchmark,5,Health_Social,3.76561,400.66,48.8,2.7112,2.63592,734892.45,27942.94,4932.604,2035.486
rail_P1,Europe,Rail_Dev,2016500000.0000002,benchmark,5,Manufacturing,10.2565,3117.98,59.08,12.6155,4.30773,734892.45,27942.94,4932.604,2035.486
rail_P1,Europe,Rail_Dev,2016500000.0000002,benchmark,5,Mining_Extraction,8.60028,1981.5,43.35,12.3844,4.81616,734892.45,27942.94,4932.604,2035.486
rail_P1,Europe,Rail_Dev,2016500000.0000002,benchmark,5,Transport_Logistics,4.70085,658.12,36.67,2.2,2.82051,734892.45,27942.94,4932.604,2035.486
rail_P1,Europe,Rail_Dev,2016500000.0000002,benchmark,5,Water_Waste,2.57355,198.16,24.09,17.5001,1.77575,734892.45,27942.94,4932.604,2035.486
rail_P1,Europe,Rail_Dev,2016500000.0000002,benchmark,6,Agriculture,0.91449,116.6,15.55,3.2007,0.69501,738399.07,28078.31,4960.869,2045.979
rail_P1,Europe,Rail_Dev,2016500000.0000002,benchmark,6,Construction,1.56745,268.97,14.92,0.9405,0.75238,738399.07,28078.31,4960.869,2045.979
rail_P1,Europe,Rail_Dev,2016500000.0000002,benchmark,6,Energy_Utilities,2.62843,259.69,9.46,2.7756,1.6822,738399.07,28078.31,4960.869,2045.979
rail_P1,Europe,Rail_Dev,2016500000.0000002,benchmark,6,Health_Social,1.69587,180.44,21.98,1.221,1.18711,738399.07,28078.31,4960.869,2045.979
rail_P1,Europe,Rail_Dev,2016500000.0000002,benchmark,6,Manufacturing,4.6164,1403.38,26.59,5.6782,1.93889,738399.07,28078.31,4960.869,2045.979
rail_P1,Europe,Rail_Dev,2016500000.0000002,benchmark,6,Mining_Extraction,3.87117,891.92,19.51,5.5745,2.16785,738399.07,28078.31,4960.869,2045.979
rail_P1,Europe,Rail_Dev,2016500000.0000002,benchmark,6,Transport_Logistics,2.11681,296.35,16.51,0.9907,1.27009,738399.07,28078.31,4960.869,2045.979
rail_P1,Europe,Rail_Dev,2016500000.0000002,benchmark,6,Water_Waste,1.15932,89.27,10.85,7.8834,0.79993,738399.07,28078.31,4960.869,2045.979
rail_P1,Europe,Rail_Dev,2016500000.0000002,benchmark,7,Agriculture,0.41186,52.51,7.0,1.4415,0.31301,739977.72,28139.26,4973.594,2050.703
rail_P1,Europe,Rail_Dev,2016500000.0000002,benchmark,7,Construction,0.70561,121.08,6.72,0.4234,0.33869,739977.72,28139.26,4973.594,2050.703
rail_P1,Europe,Rail_Dev,2016500000.0000002,benchmark,7,Energy_Utilities,1.1834,116.92,4.26,1.2497,0.75738,739977.72,28139.26,4973.594,2050.703
rail_P1,Europe,Rail_Dev,2016500000.0000002,benchmark,7,Health_Social,0.76356,81.24,9.9,0.5498,0.53449,739977.72,28139.26,4973.594,2050.703
rail_P1,Europe,Rail_Dev,2016500000.0000002,benchmark,7,Manufacturing,2.07819,631.77,11.97,2.5562,0.87284,739977.72,28139.26,4973.594,2050.703
rail_P1,Europe,Rail_Dev,2016500000.0000002,benchmark,7,Mining_Extraction,1.74265,401.51,8.78,2.5094,0.97589,739977.72,28139.26,4973.594,2050.703
rail_P1,Europe,Rail_Dev,2016500000.0000002,benchmark,7,Transport_Logistics,0.95305,133.43,7.43,0.446,0.57183,739977.72,28139.26,4973.594,2050.703
rail_P1,Europe,Rail_Dev,2016500000.0000002,benchmark,7,Water_Waste,0.52201,40.19,4.89,3.5497,0.36019,739977.72,28139.26,4973.594,2050.703
rail_P1,Europe,Rail_Dev,2016500000.0000002,benchmark,8,Agriculture,0.18544,23.64,3.15,0.649,0.14093,740688.43,28166.7,4979.323,2052.83
rail_P1,Europe,Rail_Dev,2016500000.0000002,benchmark,8,Construction,0.31766,54.51,3.02,0.1906,0.15247,740688.43,28166.7,4979.323,2052.83
rail_P1,Europe,Rail_Dev,2016500000.0000002,benchmark,8,Energy_Utilities,0.53277,52.64,1.92,0.5626,0.34097,740688.43,28166.7,4979.323,2052.83
rail_P1,Europe,Rail_Dev,2016500000.0000002,benchmark,8,Health_Social,0.34376,36.58,4.46,0.2475,0.24063,740688.43,28166.7,4979.323,2052.83
rail_P1,Europe,Rail_Dev,2016500000.0000002,benchmark,8,Manufacturing,0.93558,284.42,5.39,1.1508,0.39294,740688.43,28166.7,4979.323,2052.83
rail_P1,Europe,Rail_Dev,2016500000.0000002,benchmark,8,Mining_Extraction,0.78452,180.75,3.95,1.1297,0.43933,740688.43,28166.7,4979.323,2052.83
rail_P1,Europe,Rail_Dev,2016500000.0000002,benchmark,8,Transport_Logistics,0.42907,60.07,3.35,0.2008,0.25744,740688.43,28166.7,4979.323,2052.83
rail_P1,Europe,Rail_Dev,2016500000.0000002,benchmark,8,Water_Waste,0.23502,18.1,2.2,1.5981,0.16216,740688.43,28166.7,4979.323,2052.83
rail_P2,Europe,Rail_Op,141700.0,benchmark,0,Agriculture,0.00142,0.18,0.02,0.005,0.00108,21.43,0.94,0.182,0.083
rail_P2,Europe,Rail_Op,141700.0,benchmark,0,Construction,0.01417,2.43,0.13,0.0085,0.0068,21.43,0.94,0.182,0.083
rail_P2,Europe,Rail_Op,141700.0,benchmark,0,Energy_Utilities,0.04959,4.9,0.18,0.0524,0.03174,21.43,0.94,0.182,0.083
rail_P2,Europe,Rail_Op,141700.0,benchmark,0,Health_Social,0.01134,1.21,0.15,0.0082,0.00794,21.43,0.94,0.182,0.083
rail_P2,Europe,Rail_Op,141700.0,benchmark,0,Manufacturing,0.02126,6.46,0.12,0.0261,0.00893,21.43,0.94,0.182,0.083
rail_P2,Europe,Rail_Op,141700.0,benchmark,0,Mining_Extraction,0.00708,1.63,0.04,0.0102,0.00397,21.43,0.94,0.182,0.083
rail_P2,Europe,Rail_Op,141700.0,benchmark,0,Transport_Logistics,0.02834,3.97,0.22,0.0133,0.017,21.43,0.94,0.182,0.083
rail_P2,Europe,Rail_Op,141700.0,benchmark,0,Water_Waste,0.0085,0.65,0.08,0.0578,0.00587,21.43,0.94,0.182,0.083
rail_P2,Europe,Rail_Op,141700.0,benchmark,1,Agriculture,0.00236,0.3,0.04,0.0083,0.00179,32.17,1.36,0.272,0.117
rail_P2,Europe,Rail_Op,141700.0,benchmark,1,Construction,0.00449,0.77,0.04,0.0027,0.00216,32.17,1.36,0.272,0.117
rail_P2,Europe,Rail_Op,141700.0,benchmark,1,Energy_Utilities,0.00901,0.89,0.03,0.0095,0.00576,32.17,1.36,0.272,0.117
rail_P2,Europe,Rail_Op,141700.0,benchmark,1,Health_Social,0.00592,0.63,0.08,0.0043,0.00414,32.17,1.36,0.272,0.117
rail_P2,Europe,Rail_Op,141700.0,benchmark,1,Manufacturing,0.01336,4.06,0.08,0.0164,0.00561,32.17,1.36,0.272,0.117
rail_P2,Europe,Rail_Op,141700.0,benchmark,1,Mining_Extraction,0.01207,2.78,0.06,0.0174,0.00676,32.17,1.36,0.272,0.117
rail_P2,Europe,Rail_Op,141700.0,benchmark,1,Transport_Logistics,0.00699,0.98,0.05,0.0033,0.0042,32.17,1.36,0.272,0.117
rail_P2,Europe,Rail_Op,141700.0,benchmark,1,Water_Waste,0.00425,0.33,0.04,0.0289,0.00294,32.17,1.36,0.272,0.117
rail_P2,Europe,Rail_Op,141700.0,benchmark,2,Agriculture,0.00124,0.16,0.02,0.0044,0.00095,37.05,1.55,0.312,0.131
rail_P2,Europe,Rail_Op,141700.0,benchmark,2,Construction,0.00214,0.37,0.02,0.0013,0.00103,37.05,1.55,0.312,0.131
rail_P2,Europe,Rail_Op,141700.0,benchmark,2,Energy_Utilities,0.00374,0.37,0.01,0.0039,0.00239,37.05,1.55,0.312,0.131
rail_P2,Europe,Rail_Op,141700.0,benchmark,2,Health_Social,0.00242,0.26,0.03,0.0017,0.0017,37.05,1.55,0.312,0.131
rail_P2,Europe,Rail_Op,141700.0,benchmark,2,Manufacturing,0.00643,1.95,0.04,0.0079,0.0027,37.05,1.55,0.312,0.131
rail_P2,Europe,Rail_Op,141700.0,benchmark,2,Mining_Extraction,0.00533,1.23,0.03,0.0077,0.00299,37.05,1.55,0.312,0.131
rail_P2,Europe,Rail_Op,141700.0,benchmark,2,Transport_Logistics,0.00296,0.41,0.02,0.0014,0.00178,37.05,1.55,0.312,0.131
rail_P2,Europe,Rail_Op,141700.0,benchmark,2,Water_Waste,0.00166,0.13,0.02,0.0113,0.00115,37.05,1.55,0.312,0.131
rail_P2,Europe,Rail_Op,141700.0,benchmark,3,Agriculture,0.00057,0.07,0.01,0.002,0.00044,39.25,1.64,0.33,0.138
rail_P2,Europe,Rail_Op,141700.0,benchmark,3,Construction,0.00098,0.17,0.01,0.0006,0.00047,39.25,1.64,0.33,0.138
rail_P2,Europe,Rail_Op,141700.0,benchmark,3,Energy_Utilities,0.00165,0.16,0.01,0.0017,0.00106,39.25,1.64,0.33,0.138
rail_P2,Europe,Rail_Op,141700.0,benchmark,3,Health_Social,0.00107,0.11,0.01,0.0008,0.00075,39.25,1.64,0.33,0.138
rail_P2,Europe,Rail_Op,141700.0,benchmark,3,Manufacturing,0.00289,0.88,0.02,0.0036,0.00121,39.25,1.64,0.33,0.138
rail_P2,Europe,Rail_Op,141700.0,benchmark,3,Mining_Extraction,0.00243,0.56,0.01,0.0035,0.00136,39.25,1.64,0.33,0.138
rail_P2,Europe,Rail_Op,141700.0,benchmark,3,Transport_Logistics,0.00133,0.19,0.01,0.0006,0.0008,39.25,1.64,0.33,0.138
rail_P2,Europe,Rail_Op,141700.0,benchmark,3,Water_Waste,0.00073,0.06,0.01,0.005,0.0005,39.25,1.64,0.33,0.138
rail_P2,Europe,Rail_Op,141700.0,benchmark,4,Agriculture,0.00026,0.03,0.0,0.0009,0.0002,40.24,1.67,0.338,0.141
rail_P2,Europe,Rail_Op,141700.0,benchmark,4,Construction,0.00044,0.08,0.0,0.0003,0.00021,40.24,1.67,0.338,0.141
rail_P2,Europe,Rail_Op,141700.0,benchmark,4,Energy_Utilities,0.00074,0.07,0.0,0.0008,0.00048,40.24,1.67,0.338,0.141
rail_P2,Europe,Rail_Op,141700.0,benchmark,4,Health_Social,0.00048,0.05,0.01,0.0003,0.00034,40.24,1.67,0.338,0.141
rail_P2,Europe,Rail_Op,141700.0,benchmark,4,Manufacturing,0.0013,0.4,0.01,0.0016,0.00055,40.24,1.67,0.338,0.141
rail_P2,Europe,Rail_Op,141700.0,benchmark,4,Mining_Extraction,0.00109,0.25,0.01,0.0016,0.00061,40.24,1.67,0.338,0.141
rail_P2,Europe,Rail_Op,141700.0,benchmark,4,Transport_Logistics,0.0006,0.08,0.0,0.0003,0.00036,40.24,1.67,0.338,0.141
rail_P2,Europe,Rail_Op,141700.0,benchmark,4,Water_Waste,0.00033,0.03,0.0,0.0022,0.00023,40.24,1.67,0.338,0.141
rail_P2,Europe,Rail_Op,141700.0,benchmark,5,Agriculture,0.00012,0.01,0.0,0.0004,9e-05,40.67,1.67,0.341,0.142
rail_P2,Europe,Rail_Op,141700.0,benchmark,5,Construction,0.0002,0.03,0.0,0.0001,0.0001,40.67,1.67,0.341,0.142
rail_P2,Europe,Rail_Op,141700.0,benchmark,5,Energy_Utilities,0.00033,0.03,0.0,0.0004,0.00021,40.67,1.67,0.341,0.142
rail_P2,Europe,Rail_Op,141700.0,benchmark,5,Health_Social,0.00022,0.02,0.0,0.0002,0.00015,40.67,1.67,0.341,0.142
rail_P2,Europe,Rail_Op,141700.0,benchmark,5,Manufacturing,0.00059,0.18,0.0,0.0007,0.00025,40.67,1.67,0.341,0.142
rail_P2,Europe,Rail_Op,141700.0,benchmark,5,Mining_Extraction,0.00049,0.11,0.0,0.0007,0.00028,40.67,1.67,0.341,0.142
rail_P2,Europe,Rail_Op,141700.0,benchmark,5,Transport_Logistics,0.00027,0.04,0.0,0.0001,0.00016,40.67,1.67,0.341,0.142
rail_P2,Europe,Rail_Op,141700.0,benchmark,5,Water_Waste,0.00015,0.01,0.0,0.001,0.0001,40.67,1.67,0.341,0.142
rail_P2,Europe,Rail_Op,141700.0,benchmark,6,Agriculture,5e-05,0.01,0.0,0.0002,4e-05,40.88,1.67,0.343,0.143
rail_P2,Europe,Rail_Op,141700.0,benchmark,6,Construction,9e-05,0.02,0.0,0.0001,4e-05,40.88,1.67,0.343,0.143
rail_P2,Europe,Rail_Op,141700.0,benchmark,6,Energy_Utilities,0.00015,0.01,0.0,0.0002,0.0001,40.88,1.67,0.343,0.143
rail_P2,Europe,Rail_Op,141700.0,benchmark,6,Health_Social,0.0001,0.01,0.0,0.0001,7e-05,40.88,1.67,0.343,0.143
rail_P2,Europe,Rail_Op,141700.0,benchmark,6,Manufacturing,0.00026,0.08,0.0,0.0003,0.00011,40.88,1.67,0.343,0.143
rail_P2,Europe,Rail_Op,141700.0,benchmark,6,Mining_Extraction,0.00022,0.05,0.0,0.0003,0.00012,40.88,1.67,0.343,0.143
rail_P2,Europe,Rail_Op,141700.0,benchmark,6,Transport_Logistics,0.00012,0.02,0.0,0.0001,7e-05,40.88,1.67,0.343,0.143
rail_P2,Europe,Rail_Op,141700.0,benchmark,6,Water_Waste,7e-05,0.01,0.0,0.0005,5e-05,40.88,1.67,0.343,0.143
rail_P2,Europe,Rail_Op,141700.0,benchmark,7,Agriculture,2e-05,0.0,0.0,0.0001,2e-05,40.97,1.67,0.344,0.143
rail_P2,Europe,Rail_Op,141700.0,benchmark,7,Construction,4e-05,0.01,0.0,0.0,2e-05,40.97,1.67,0.344,0.143
rail_P2,Europe,Rail_Op,141700.0,benchmark,7,Energy_Utilities,7e-05,0.01,0.0,0.0001,4e-05,40.97,1.67,0.344,0.143
rail_P2,Europe,Rail_Op,141700.0,benchmark,7,Health_Social,4e-05,0.0,0.0,0.0,3e-05,40.97,1.67,0.344,0.143
rail_P2,Europe,Rail_Op,141700.0,benchmark,7,Manufacturing,0.00012,0.04,0.0,0.0001,5e-05,40.97,1.67,0.344,0.143
rail_P2,Europe,Rail_Op,141700.0,benchmark,7,Mining_Extraction,0.0001,0.02,0.0,0.0001,6e-05,40.97,1.67,0.344,0.143
rail_P2,Europe,Rail_Op,141700.0,benchmark,7,Transport_Logistics,5e-05,0.01,0.0,0.0,3e-05,40.97,1.67,0.344,0.143
rail_P2,Europe,Rail_Op,141700.0,benchmark,7,Water_Waste,3e-05,0.0,0.0,0.0002,2e-05,40.97,1.67,0.344,0.143
rail_P2,Europe,Rail_Op,141700.0,benchmark,8,Agriculture,1e-05,0.0,0.0,0.0,1e-05,41.0,1.67,0.344,0.143
rail_P2,Europe,Rail_Op,141700.0,benchmark,8,Construction,2e-05,0.0,0.0,0.0,1e-05,41.0,1.67,0.344,0.143
rail_P2,Europe,Rail_Op,141700.0,benchmark,8,Energy_Utilities,3e-05,0.0,0.0,0.0,2e-05,41.0,1.67,0.344,0.143
rail_P2,Europe,Rail_Op,141700.0,benchmark,8,Health_Social,2e-05,0.0,0.0,0.0,1e-05,41.0,1.67,0.344,0.143
rail_P2,Europe,Rail_Op,141700.0,benchmark,8,Manufacturing,5e-05,0.02,0.0,0.0001,2e-05,41.0,1.67,0.344,0.143
rail_P2,Europe,Rail_Op,141700.0,benchmark,8,Mining_Extraction,4e-05,0.01,0.0,0.0001,3e-05,41.0,1.67,0.344,0.143
rail_P2,Europe,Rail_Op,141700.0,benchmark,8,Transport_Logistics,2e-05,0.0,0.0,0.0,1e-05,41.0,1.67,0.344,0.143
rail_P2,Europe,Rail_Op,141700.0,benchmark,8,Water_Waste,1e-05,0.0,0.0,0.0001,1e-05,41.0,1.67,0.344,0.143
rail_P3,Europe,Rail_Op,98100.0,benchmark,0,Agriculture,0.00098,0.13,0.02,0.0034,0.00075,14.84,0.64,0.126,0.058
rail_P3,Europe,Rail_Op,98100.0,benchmark,0,Construction,0.00981,1.68,0.09,0.0059,0.00471,14.84,0.64,0.126,0.058
rail_P3,Europe,Rail_Op,98100.0,benchmark,0,Energy_Utilities,0.03433,3.39,0.12,0.0363,0.02197,14.84,0.64,0.126,0.058
rail_P3,Europe,Rail_Op,98100.0,benchmark,0,Health_Social,0.00785,0.84,0.1,0.0057,0.00549,14.84,0.64,0.126,0.058
rail_P3,Europe,Rail_Op,98100.0,benchmark,0,Manufacturing,0.01472,4.47,0.08,0.0181,0.00618,14.84,0.64,0.126,0.058
rail_P3,Europe,Rail_Op,98100.0,benchmark,0,Mining_Extraction,0.00491,1.13,0.02,0.0071,0.00275,14.84,0.64,0.126,0.058
rail_P3,Europe,Rail_Op,98100.0,benchmark,0,Transport_Logistics,0.01962,2.75,0.15,0.0092,0.01177,14.84,0.64,0.126,0.058
rail_P3,Europe,Rail_Op,98100.0,benchmark,0,Water_Waste,0.00589,0.45,0.06,0.04,0.00406,14.84,0.64,0.126,0.058
rail_P3,Europe,Rail_Op,98100.0,benchmark,1,Agriculture,0.00163,0.21,0.03,0.0057,0.00124,22.28,0.93,0.188,0.081
rail_P3,Europe,Rail_Op,98100.0,benchmark,1,Construction,0.00311,0.53,0.03,0.0019,0.00149,22.28,0.93,0.188,0.081
rail_P3,Europe,Rail_Op,98100.0,benchmark,1,Energy_Utilities,0.00623,0.62,0.02,0.0066,0.00399,22.28,0.93,0.188,0.081
rail_P3,Europe,Rail_Op,98100.0,benchmark,1,Health_Social,0.0041,0.44,0.05,0.0029,0.00287,22.28,0.93,0.188,0.081
rail_P3,Europe,Rail_Op,98100.0,benchmark,1,Manufacturing,0.00925,2.81,0.05,0.0114,0.00389,22.28,0.93,0.188,0.081
rail_P3,Europe,Rail_Op,98100.0,benchmark,1,Mining_Extraction,0.00835,1.92,0.04,0.012,0.00468,22.28,0.93,0.188,0.081
rail_P3,Europe,Rail_Op,98100.0,benchmark,1,Transport_Logistics,0.00484,0.68,0.04,0.0023,0.0029,22.28,0.93,0.188,0.081
rail_P3,Europe,Rail_Op,98100.0,benchmark,1,Water_Waste,0.00294,0.23,0.03,0.02,0.00203,22.28,0.93,0.188,0.081
rail_P3,Europe,Rail_Op,98100.0,benchmark,2,Agriculture,0.00086,0.11,0.01,0.003,0.00065,25.66,1.06,0.216,0.091
rail_P3,Europe,Rail_Op,98100.0,benchmark,2,Construction,0.00148,0.25,0.01,0.0009,0.00071,25.66,1.06,0.216,0.091
rail_P3,Europe,Rail_Op,98100.0,benchmark,2,Energy_Utilities,0.00259,0.26,0.01,0.0027,0.00166,25.66,1.06,0.216,0.091
rail_P3,Europe,Rail_Op,98100.0,benchmark,2,Health_Social,0.00168,0.18,0.02,0.0012,0.00117,25.66,1.06,0.216,0.091
rail_P3,Europe,Rail_Op,98100.0,benchmark,2,Manufacturing,0.00445,1.35,0.03,0.0055,0.00187,25.66,1.06,0.216,0.091
rail_P3,Europe,Rail_Op,98100.0,benchmark,2,Mining_Extraction,0.00369,0.85,0.02,0.0053,0.00207,25.66,1.06,0.216,0.091
rail_P3,Europe,Rail_Op,98100.0,benchmark,2,Transport_Logistics,0.00205,0.29,0.02,0.001,0.00123,25.66,1.06,0.216,0.091
rail_P3,Europe,Rail_Op,98100.0,benchmark,2,Water_Waste,0.00115,0.09,0.01,0.0078,0.00079,25.66,1.06,0.216,0.091
rail_P3,Europe,Rail_Op,98100.0,benchmark,3,Agriculture,0.0004,0.05,0.01,0.0014,0.0003,27.19,1.12,0.228,0.095
rail_P3,Europe,Rail_Op,98100.0,benchmark,3,Construction,0.00068,0.12,0.01,0.0004,0.00033,27.19,1.12,0.228,0.095
rail_P3,Europe,Rail_Op,98100.0,benchmark,3,Energy_Utilities,0.00114,0.11,0.0,0.0012,0.00073,27.19,1.12,0.228,0.095
rail_P3,Europe,Rail_Op,98100.0,benchmark,3,Health_Social,0.00074,0.08,0.01,0.0005,0.00052,27.19,1.12,0.228,0.095
rail_P3,Europe,Rail_Op,98100.0,benchmark,3,Manufacturing,0.002,0.61,0.01,0.0025,0.00084,27.19,1.12,0.228,0.095
rail_P3,Europe,Rail_Op,98100.0,benchmark,3,Mining_Extraction,0.00168,0.39,0.01,0.0024,0.00094,27.19,1.12,0.228,0.095
rail_P3,Europe,Rail_Op,98100.0,benchmark,3,Transport_Logistics,0.00092,0.13,0.01,0.0004,0.00055,27.19,1.12,0.228,0.095
rail_P3,Europe,Rail_Op,98100.0,benchmark,3,Water_Waste,0.00051,0.04,0.0,0.0034,0.00035,27.19,1.12,0.228,0.095
rail_P3,Europe,Rail_Op,98100.0,benchmark,4,Agriculture,0.00018,0.02,0.0,0.0006,0.00014,27.87,1.13,0.233,0.098
rail_P3,Europe,Rail_Op,98100.0,benchmark,4,Construction,0.00031,0.05,0.0,0.0002,0.00015,27.87,1.13,0.233,0.098
rail_P3,Europe,Rail_Op,98100.0,benchmark,4,Energy_Utilities,0.00051,0.05,0.0,0.0005,0.00033,27.87,1.13,0.233,0.098
rail_P3,Europe,Rail_Op,98100.0,benchmark,4,Health_Social,0.00033,0.04,0.0,0.0002,0.00023,27.87,1.13,0.233,0.098
rail_P3,Europe,Rail_Op,98100.0,benchmark,4,Manufacturing,0.0009,0.27,0.01,0.0011,0.00038,27.87,1.13,0.233,0.098
rail_P3,Europe,Rail_Op,98100.0,benchmark,4,Mining_Extraction,0.00076,0.17,0.0,0.0011,0.00042,27.87,1.13,0.233,0.098
rail_P3,Europe,Rail_Op,98100.0,benchmark,4,Transport_Logistics,0.00041,0.06,0.0,0.0002,0.00025,27.87,1.13,0.233,0.098
rail_P3,Europe,Rail_Op,98100.0,benchmark,4,Water_Waste,0.00023,0.02,0.0,0.0015,0.00016,27.87,1.13,0.233,0.098
rail_P3,Europe,Rail_Op,98100.0,benchmark,5,Agriculture,8e-05,0.01,0.0,0.0003,6e-05,28.18,1.13,0.236,0.098
rail_P3,Europe,Rail_Op,98100.0,benchmark,5,Construction,0.00014,0.02,0.0,0.0001,7e-05,28.18,1.13,0.236,0.098
rail_P3,Europe,Rail_Op,98100.0,benchmark,5,Energy_Utilities,0.00023,0.02,0.0,0.0002,0.00015,28.18,1.13,0.236,0.098
rail_P3,Europe,Rail_Op,98100.0,benchmark,5,Health_Social,0.00015,0.02,0.0,0.0001,0.0001,28.18,1.13,0.236,0.098
rail_P3,Europe,Rail_Op,98100.0,benchmark,5,Manufacturing,0.00041,0.12,0.0,0.0005,0.00017,28.18,1.13,0.236,0.098
rail_P3,Europe,Rail_Op,98100.0,benchmark,5,Mining_Extraction,0.00034,0.08,0.0,0.0005,0.00019,28.18,1.13,0.236,0.098
rail_P3,Europe,Rail_Op,98100.0,benchmark,5,Transport_Logistics,0.00019,0.03,0.0,0.0001,0.00011,28.18,1.13,0.236,0.098
rail_P3,Europe,Rail_Op,98100.0,benchmark,5,Water_Waste,0.0001,0.01,0.0,0.0007,7e-05,28.18,1.13,0.236,0.098
rail_P3,Europe,Rail_Op,98100.0,benchmark,6,Agriculture,4e-05,0.0,0.0,0.0001,3e-05,28.32,1.13,0.237,0.099
rail_P3,Europe,Rail_Op,98100.0,benchmark,6,Construction,6e-05,0.01,0.0,0.0,3e-05,28.32,1.13,0.237,0.099
rail_P3,Europe,Rail_Op,98100.0,benchmark,6,Energy_Utilities,0.0001,0.01,0.0,0.0001,7e-05,28.32,1.13,0.237,0.099
rail_P3,Europe,Rail_Op,98100.0,benchmark,6,Health_Social,7e-05,0.01,0.0,0.0,5e-05,28.32,1.13,0.237,0.099
rail_P3,Europe,Rail_Op,98100.0,benchmark,6,Manufacturing,0.00018,0.06,0.0,0.0002,8e-05,28.32,1.13,0.237,0.099
rail_P3,Europe,Rail_Op,98100.0,benchmark,6,Mining_Extraction,0.00015,0.04,0.0,0.0002,9e-05,28.32,1.13,0.237,0.099
rail_P3,Europe,Rail_Op,98100.0,benchmark,6,Transport_Logistics,8e-05,0.01,0.0,0.0,5e-05,28.32,1.13,0.237,0.099
rail_P3,Europe,Rail_Op,98100.0,benchmark,6,Water_Waste,5e-05,0.0,0.0,0.0003,3e-05,28.32,1.13,0.237,0.099
rail_P3,Europe,Rail_Op,98100.0,benchmark,7,Agriculture,2e-05,0.0,0.0,0.0001,1e-05,28.38,1.13,0.237,0.099
rail_P3,Europe,Rail_Op,98100.0,benchmark,7,Construction,3e-05,0.0,0.0,0.0,1e-05,28.38,1.13,0.237,0.099
rail_P3,Europe,Rail_Op,98100.0,benchmark,7,Energy_Utilities,5e-05,0.0,0.0,0.0,3e-05,28.38,1.13,0.237,0.099
rail_P3,Europe,Rail_Op,98100.0,benchmark,7,Health_Social,3e-05,0.0,0.0,0.0,2e-05,28.38,1.13,0.237,0.099
rail_P3,Europe,Rail_Op,98100.0,benchmark,7,Manufacturing,8e-05,0.03,0.0,0.0001,3e-05,28.38,1.13,0.237,0.099
rail_P3,Europe,Rail_Op,98100.0,benchmark,7,Mining_Extraction,7e-05,0.02,0.0,0.0001,4e-05,28.38,1.13,0.237,0.099
rail_P3,Europe,Rail_Op,98100.0,benchmark,7,Transport_Logistics,4e-05,0.01,0.0,0.0,2e-05,28.38,1.13,0.237,0.099
rail_P3,Europe,Rail_Op,98100.0,benchmark,7,Water_Waste,2e-05,0.0,0.0,0.0001,1e-05,28.38,1.13,0.237,0.099
rail_P3,Europe,Rail_Op,98100.0,benchmark,8,Agriculture,1e-05,0.0,0.0,0.0,1e-05,28.4,1.13,0.237,0.099
rail_P3,Europe,Rail_Op,98100.0,benchmark,8,Construction,1e-05,0.0,0.0,0.0,1e-05,28.4,1.13,0.237,0.099
rail_P3,Europe,Rail_Op,98100.0,benchmark,8,Energy_Utilities,2e-05,0.0,0.0,0.0,1e-05,28.4,1.13,0.237,0.099
rail_P3,Europe,Rail_Op,98100.0,benchmark,8,Health_Social,1e-05,0.0,0.0,0.0,1e-05,28.4,1.13,0.237,0.099
rail_P3,Europe,Rail_Op,98100.0,benchmark,8,Manufacturing,4e-05,0.01,0.0,0.0,2e-05,28.4,1.13,0.237,0.099
rail_P3,Europe,Rail_Op,98100.0,benchmark,8,Mining_Extraction,3e-05,0.01,0.0,0.0,2e-05,28.4,1.13,0.237,0.099
rail_P3,Europe,Rail_Op,98100.0,benchmark,8,Transport_Logistics,2e-05,0.0,0.0,0.0,1e-05,28.4,1.13,0.237,0.099
rail_P3,Europe,Rail_Op,98100.0,benchmark,8,Water_Waste,1e-05,0.0,0.0,0.0001,1e-05,28.4,1.13,0.237,0.099
