project,region,sector_code,investment_usd,database,db_data_source,tier,supplying_sector,spend_M$,GHG_tCO2e,Employment_FTE,Water_1000m3,ValueAdded_M$,cumul_GHG_tCO2e,cumul_Employment_FTE,cumul_Water_1000m3,cumul_ValueAdded_M$
hospitals_P1,LATAM,Health_Social,250000000.0,exiobase,calibrated_benchmark,0,Agriculture,5.0,793.8,129.8,32.7375,3.8,67525.43,3272.93,517.694,137.525
hospitals_P1,LATAM,Health_Social,250000000.0,exiobase,calibrated_benchmark,0,Construction,70.0,17925.6,1076.04,67.9,33.6,67525.43,3272.93,517.694,137.525
hospitals_P1,LATAM,Health_Social,250000000.0,exiobase,calibrated_benchmark,0,Energy_Utilities,20.0,4280.32,102.66,30.78,12.8,67525.43,3272.93,517.694,137.525
hospitals_P1,LATAM,Health_Social,250000000.0,exiobase,calibrated_benchmark,0,Health_Social,45.0,7224.84,922.75,51.0705,31.5,67525.43,3272.93,517.694,137.525
hospitals_P1,LATAM,Health_Social,250000000.0,exiobase,calibrated_benchmark,0,Manufacturing,62.5,26904.0,536.8,117.6,26.25,67525.43,3272.93,517.694,137.525
hospitals_P1,LATAM,Health_Social,250000000.0,exiobase,calibrated_benchmark,0,Mining_Extraction,12.5,4733.6,93.94,27.648,7.0,67525.43,3272.93,517.694,137.525
hospitals_P1,LATAM,Health_Social,250000000.0,exiobase,calibrated_benchmark,0,Transport_Logistics,17.5,3505.34,187.92,12.2976,10.5,67525.43,3272.93,517.694,137.525
hospitals_P1,LATAM,Health_Social,250000000.0,exiobase,calibrated_benchmark,0,Water_Waste,17.5,2157.93,223.02,177.66,12.075,67525.43,3272.93,517.694,137.525
hospitals_P1,LATAM,Health_Social,250000000.0,exiobase,calibrated_benchmark,1,Agriculture,5.335,846.98,138.5,34.9309,4.0546,101889.61,4569.5,790.721,204.501
hospitals_P1,LATAM,Health_Social,250000000.0,exiobase,calibrated_benchmark,1,Construction,10.0,2560.8,153.72,9.7,4.8,101889.61,4569.5,790.721,204.501
hospitals_P1,LATAM,Health_Social,250000000.0,exiobase,calibrated_benchmark,1,Energy_Utilities,17.525,3750.63,89.96,26.971,11.216,101889.61,4569.5,790.721,204.501
hospitals_P1,LATAM,Health_Social,250000000.0,exiobase,calibrated_benchmark,1,Health_Social,12.445,1998.07,255.19,14.1238,8.7115,101889.61,4569.5,790.721,204.501
hospitals_P1,LATAM,Health_Social,250000000.0,exiobase,calibrated_benchmark,1,Manufacturing,29.885,12864.42,256.68,56.2316,12.5517,101889.61,4569.5,790.721,204.501
hospitals_P1,LATAM,Health_Social,250000000.0,exiobase,calibrated_benchmark,1,Mining_Extraction,23.575,8927.57,177.17,52.1441,13.202,101889.61,4569.5,790.721,204.501
hospitals_P1,LATAM,Health_Social,250000000.0,exiobase,calibrated_benchmark,1,Transport_Logistics,12.8125,2566.41,137.58,9.0036,7.6875,101889.61,4569.5,790.721,204.501
hospitals_P1,LATAM,Health_Social,250000000.0,exiobase,calibrated_benchmark,1,Water_Waste,6.8875,849.3,87.77,69.9219,4.75238,101889.61,4569.5,790.721,204.501
hospitals_P1,LATAM,Health_Social,250000000.0,exiobase,calibrated_benchmark,2,Agriculture,2.62018,415.98,68.02,17.1556,1.99134,117956.0,5163.39,920.272,235.64
hospitals_P1,LATAM,Health_Social,250000000.0,exiobase,calibrated_benchmark,2,Construction,4.5122,1155.48,69.36,4.3768,2.16586,117956.0,5163.39,920.272,235.64
hospitals_P1,LATAM,Health_Social,250000000.0,exiobase,calibrated_benchmark,2,Energy_Utilities,8.30258,1776.88,42.62,12.7777,5.31365,117956.0,5163.39,920.272,235.64
hospitals_P1,LATAM,Health_Social,250000000.0,exiobase,calibrated_benchmark,2,Health_Social,4.94033,793.18,101.3,5.6068,3.45823,117956.0,5163.39,920.272,235.64
hospitals_P1,LATAM,Health_Social,250000000.0,exiobase,calibrated_benchmark,2,Manufacturing,13.65574,5878.31,117.29,25.6946,5.73541,117956.0,5163.39,920.272,235.64
hospitals_P1,LATAM,Health_Social,250000000.0,exiobase,calibrated_benchmark,2,Mining_Extraction,11.67678,4421.86,87.75,25.8272,6.539,117956.0,5163.39,920.272,235.64
hospitals_P1,LATAM,Health_Social,250000000.0,exiobase,calibrated_benchmark,2,Transport_Logistics,6.05814,1213.48,65.05,4.2572,3.63488,117956.0,5163.39,920.272,235.64
hospitals_P1,LATAM,Health_Social,250000000.0,exiobase,calibrated_benchmark,2,Water_Waste,3.33486,411.22,42.5,33.8555,2.30105,117956.0,5163.39,920.272,235.64
hospitals_P1,LATAM,Health_Social,250000000.0,exiobase,calibrated_benchmark,3,Agriculture,1.2092,191.97,31.39,7.9172,0.91899,125458.33,5439.21,980.62,250.14
hospitals_P1,LATAM,Health_Social,250000000.0,exiobase,calibrated_benchmark,3,Construction,2.09109,535.49,32.14,2.0284,1.00372,125458.33,5439.21,980.62,250.14
hospitals_P1,LATAM,Health_Social,250000000.0,exiobase,calibrated_benchmark,3,Energy_Utilities,3.88881,832.27,19.96,5.9849,2.48884,125458.33,5439.21,980.62,250.14
hospitals_P1,LATAM,Health_Social,250000000.0,exiobase,calibrated_benchmark,3,Health_Social,2.25258,361.66,46.19,2.5564,1.5768,125458.33,5439.21,980.62,250.14
hospitals_P1,LATAM,Health_Social,250000000.0,exiobase,calibrated_benchmark,3,Manufacturing,6.40834,2758.56,55.04,12.0579,2.6915,125458.33,5439.21,980.62,250.14
hospitals_P1,LATAM,Health_Social,250000000.0,exiobase,calibrated_benchmark,3,Mining_Extraction,5.45303,2065.0,40.98,12.0612,3.0537,125458.33,5439.21,980.62,250.14
hospitals_P1,LATAM,Health_Social,250000000.0,exiobase,calibrated_benchmark,3,Transport_Logistics,2.8257,566.0,30.34,1.9857,1.69542,125458.33,5439.21,980.62,250.14
hospitals_P1,LATAM,Health_Social,250000000.0,exiobase,calibrated_benchmark,3,Water_Waste,1.552,191.38,19.78,15.7559,1.07088,125458.33,5439.21,980.62,250.14
hospitals_P1,LATAM,Health_Social,250000000.0,exiobase,calibrated_benchmark,4,Agriculture,0.56141,89.13,14.57,3.6758,0.42667,128960.07,5567.82,1008.76,256.904
hospitals_P1,LATAM,Health_Social,250000000.0,exiobase,calibrated_benchmark,4,Construction,0.97748,250.31,15.03,0.9482,0.46919,128960.07,5567.82,1008.76,256.904
hospitals_P1,LATAM,Health_Social,250000000.0,exiobase,calibrated_benchmark,4,Energy_Utilities,1.814,388.23,9.31,2.7918,1.16096,128960.07,5567.82,1008.76,256.904
hospitals_P1,LATAM,Health_Social,250000000.0,exiobase,calibrated_benchmark,4,Health_Social,1.04746,168.17,21.48,1.1888,0.73322,128960.07,5567.82,1008.76,256.904
hospitals_P1,LATAM,Health_Social,250000000.0,exiobase,calibrated_benchmark,4,Manufacturing,2.9898,1287.0,25.68,5.6256,1.25572,128960.07,5567.82,1008.76,256.904
hospitals_P1,LATAM,Health_Social,250000000.0,exiobase,calibrated_benchmark,4,Mining_Extraction,2.55044,965.82,19.17,5.6412,1.42824,128960.07,5567.82,1008.76,256.904
hospitals_P1,LATAM,Health_Social,250000000.0,exiobase,calibrated_benchmark,4,Transport_Logistics,1.31747,263.89,14.15,0.9258,0.79048,128960.07,5567.82,1008.76,256.904
hospitals_P1,LATAM,Health_Social,250000000.0,exiobase,calibrated_benchmark,4,Water_Waste,0.72333,89.19,9.22,7.3433,0.4991,128960.07,5567.82,1008.76,256.904
hospitals_P1,LATAM,Health_Social,250000000.0,exiobase,calibrated_benchmark,5,Agriculture,0.26154,41.52,6.79,1.7124,0.19877,130594.5,5627.83,1021.889,260.06
hospitals_P1,LATAM,Health_Social,250000000.0,exiobase,calibrated_benchmark,5,Construction,0.45619,116.82,7.01,0.4425,0.21897,130594.5,5627.83,1021.889,260.06
hospitals_P1,LATAM,Health_Social,250000000.0,exiobase,calibrated_benchmark,5,Energy_Utilities,0.84654,181.17,4.35,1.3028,0.54179,130594.5,5627.83,1021.889,260.06
hospitals_P1,LATAM,Health_Social,250000000.0,exiobase,calibrated_benchmark,5,Health_Social,0.48855,78.44,10.02,0.5545,0.34198,130594.5,5627.83,1021.889,260.06
hospitals_P1,LATAM,Health_Social,250000000.0,exiobase,calibrated_benchmark,5,Manufacturing,1.39601,600.93,11.99,2.6267,0.58632,130594.5,5627.83,1021.889,260.06
hospitals_P1,LATAM,Health_Social,250000000.0,exiobase,calibrated_benchmark,5,Mining_Extraction,1.19049,450.82,8.95,2.6332,0.66667,130594.5,5627.83,1021.889,260.06
hospitals_P1,LATAM,Health_Social,250000000.0,exiobase,calibrated_benchmark,5,Transport_Logistics,0.61474,123.13,6.6,0.432,0.36884,130594.5,5627.83,1021.889,260.06
hospitals_P1,LATAM,Health_Social,250000000.0,exiobase,calibrated_benchmark,5,Water_Waste,0.33737,41.6,4.3,3.4249,0.23278,130594.5,5627.83,1021.889,260.06
hospitals_P1,LATAM,Health_Social,250000000.0,exiobase,calibrated_benchmark,6,Agriculture,0.12201,19.37,3.17,0.7988,0.09272,131357.35,5655.84,1028.016,261.533
hospitals_P1,LATAM,Health_Social,250000000.0,exiobase,calibrated_benchmark,6,Construction,0.21295,54.53,3.27,0.2066,0.10221,131357.35,5655.84,1028.016,261.533
hospitals_P1,LATAM,Health_Social,250000000.0,exiobase,calibrated_benchmark,6,Energy_Utilities,0.39508,84.55,2.03,0.608,0.25285,131357.35,5655.84,1028.016,261.533
hospitals_P1,LATAM,Health_Social,250000000.0,exiobase,calibrated_benchmark,6,Health_Social,0.22798,36.6,4.67,0.2587,0.15959,131357.35,5655.84,1028.016,261.533
hospitals_P1,LATAM,Health_Social,250000000.0,exiobase,calibrated_benchmark,6,Manufacturing,0.65158,280.48,5.6,1.226,0.27366,131357.35,5655.84,1028.016,261.533
hospitals_P1,LATAM,Health_Social,250000000.0,exiobase,calibrated_benchmark,6,Mining_Extraction,0.55571,210.44,4.18,1.2291,0.3112,131357.35,5655.84,1028.016,261.533
hospitals_P1,LATAM,Health_Social,250000000.0,exiobase,calibrated_benchmark,6,Transport_Logistics,0.28689,57.47,3.08,0.2016,0.17213,131357.35,5655.84,1028.016,261.533
hospitals_P1,LATAM,Health_Social,250000000.0,exiobase,calibrated_benchmark,6,Water_Waste,0.15743,19.41,2.01,1.5982,0.10863,131357.35,5655.84,1028.016,261.533
hospitals_P1,LATAM,Health_Social,250000000.0,exiobase,calibrated_benchmark,7,Agriculture,0.05694,9.04,1.48,0.3728,0.04327,131713.39,5668.92,1030.876,262.22
hospitals_P1,LATAM,Health_Social,250000000.0,exiobase,calibrated_benchmark,7,Construction,0.09939,25.45,1.53,0.0964,0.04771,131713.39,5668.92,1030.876,262.22
hospitals_P1,LATAM,Health_Social,250000000.0,exiobase,calibrated_benchmark,7,Energy_Utilities,0.18439,39.46,0.95,0.2838,0.11801,131713.39,5668.92,1030.876,262.22
hospitals_P1,LATAM,Health_Social,250000000.0,exiobase,calibrated_benchmark,7,Health_Social,0.1064,17.08,2.18,0.1208,0.07448,131713.39,5668.92,1030.876,262.22
hospitals_P1,LATAM,Health_Social,250000000.0,exiobase,calibrated_benchmark,7,Manufacturing,0.30412,130.91,2.61,0.5722,0.12773,131713.39,5668.92,1030.876,262.22
hospitals_P1,LATAM,Health_Social,250000000.0,exiobase,calibrated_benchmark,7,Mining_Extraction,0.25937,98.22,1.95,0.5737,0.14525,131713.39,5668.92,1030.876,262.22
hospitals_P1,LATAM,Health_Social,250000000.0,exiobase,calibrated_benchmark,7,Transport_Logistics,0.1339,26.82,1.44,0.0941,0.08034,131713.39,5668.92,1030.876,262.22
hospitals_P1,LATAM,Health_Social,250000000.0,exiobase,calibrated_benchmark,7,Water_Waste,0.07347,9.06,0.94,0.7459,0.0507,131713.39,5668.92,1030.876,262.22
hospitals_P1,LATAM,Health_Social,250000000.0,exiobase,calibrated_benchmark,8,Agriculture,0.02657,4.22,0.69,0.174,0.0202,131879.57,5675.02,1032.21,262.541
hospitals_P1,LATAM,Health_Social,250000000.0,exiobase,calibrated_benchmark,8,Construction,0.04639,11.88,0.71,0.045,0.02227,131879.57,5675.02,1032.21,262.541
hospitals_P1,LATAM,Health_Social,250000000.0,exiobase,calibrated_benchmark,8,Energy_Utilities,0.08606,18.42,0.44,0.1324,0.05508,131879.57,5675.02,1032.21,262.541
hospitals_P1,LATAM,Health_Social,250000000.0,exiobase,calibrated_benchmark,8,Health_Social,0.04966,7.97,1.02,0.0564,0.03476,131879.57,5675.02,1032.21,262.541
hospitals_P1,LATAM,Health_Social,250000000.0,exiobase,calibrated_benchmark,8,Manufacturing,0.14194,61.1,1.22,0.2671,0.05962,131879.57,5675.02,1032.21,262.541
hospitals_P1,LATAM,Health_Social,250000000.0,exiobase,calibrated_benchmark,8,Mining_Extraction,0.12106,45.84,0.91,0.2678,0.06779,131879.57,5675.02,1032.21,262.541
hospitals_P1,LATAM,Health_Social,250000000.0,exiobase,calibrated_benchmark,8,Transport_Logistics,0.06249,12.52,0.67,0.0439,0.0375,131879.57,5675.02,1032.21,262.541
hospitals_P1,LATAM,Health_Social,250000000.0,exiobase,calibrated_benchmark,8,Water_Waste,0.03429,4.23,0.44,0.3481,0.02366,131879.57,5675.02,1032.21,262.541
hospitals_P2,Africa,Health_Specialized,25000000.0,exiobase,calibrated_benchmark,0,Agriculture,0.25,41.16,8.14,2.0006,0.19,8658.11,394.89,57.285,13.378
hospitals_P2,Africa,Health_Specialized,25000000.0,exiobase,calibrated_benchmark,0,Construction,5.5,1643.18,109.49,6.6154,2.64,8658.11,394.89,57.285,13.378
hospitals_P2,Africa,Health_Specialized,25000000.0,exiobase,calibrated_benchmark,0,Energy_Utilities,1.75,555.94,11.27,3.2918,1.12,8658.11,394.89,57.285,13.378
hospitals_P2,Africa,Health_Specialized,25000000.0,exiobase,calibrated_benchmark,0,Health_Social,4.5,840.92,116.79,6.0892,3.15,8658.11,394.89,57.285,13.378
hospitals_P2,Africa,Health_Specialized,25000000.0,exiobase,calibrated_benchmark,0,Manufacturing,8.75,4404.96,93.63,19.551,3.675,8658.11,394.89,57.285,13.378
hospitals_P2,Africa,Health_Specialized,25000000.0,exiobase,calibrated_benchmark,0,Mining_Extraction,1.5,642.53,14.04,3.9398,0.84,8658.11,394.89,57.285,13.378
hospitals_P2,Africa,Health_Specialized,25000000.0,exiobase,calibrated_benchmark,0,Transport_Logistics,1.5,336.1,20.2,1.2269,0.9,8658.11,394.89,57.285,13.378
hospitals_P2,Africa,Health_Specialized,25000000.0,exiobase,calibrated_benchmark,0,Water_Waste,1.25,193.32,21.33,14.57,0.8625,8658.11,394.89,57.285,13.378
hospitals_P2,Africa,Health_Specialized,25000000.0,exiobase,calibrated_benchmark,1,Agriculture,0.5315,87.51,17.31,4.2533,0.40394,12891.65,563.15,90.441,20.266
hospitals_P2,Africa,Health_Specialized,25000000.0,exiobase,calibrated_benchmark,1,Construction,1.12625,336.48,22.42,1.3547,0.5406,12891.65,563.15,90.441,20.266
hospitals_P2,Africa,Health_Specialized,25000000.0,exiobase,calibrated_benchmark,1,Energy_Utilities,1.7365,551.65,11.18,3.2664,1.11136,12891.65,563.15,90.441,20.266
hospitals_P2,Africa,Health_Specialized,25000000.0,exiobase,calibrated_benchmark,1,Health_Social,1.219,227.8,31.64,1.6495,0.8533,12891.65,563.15,90.441,20.266
hospitals_P2,Africa,Health_Specialized,25000000.0,exiobase,calibrated_benchmark,1,Manufacturing,2.982,1501.21,31.91,6.663,1.25244,12891.65,563.15,90.441,20.266
hospitals_P2,Africa,Health_Specialized,25000000.0,exiobase,calibrated_benchmark,1,Mining_Extraction,2.64925,1134.81,24.81,6.9584,1.48358,12891.65,563.15,90.441,20.266
hospitals_P2,Africa,Health_Specialized,25000000.0,exiobase,calibrated_benchmark,1,Transport_Logistics,1.2875,288.49,17.34,1.0531,0.7725,12891.65,563.15,90.441,20.266
hospitals_P2,Africa,Health_Specialized,25000000.0,exiobase,calibrated_benchmark,1,Water_Waste,0.68275,105.59,11.65,7.9581,0.4711,12891.65,563.15,90.441,20.266
hospitals_P2,Africa,Health_Specialized,25000000.0,exiobase,calibrated_benchmark,2,Agriculture,0.26549,43.71,8.64,2.1246,0.20177,14876.84,640.67,106.29,23.487
hospitals_P2,Africa,Health_Specialized,25000000.0,exiobase,calibrated_benchmark,2,Construction,0.46385,138.58,9.23,0.5579,0.22265,14876.84,640.67,106.29,23.487
hospitals_P2,Africa,Health_Specialized,25000000.0,exiobase,calibrated_benchmark,2,Energy_Utilities,0.86043,273.34,5.54,1.6185,0.55068,14876.84,640.67,106.29,23.487
hospitals_P2,Africa,Health_Specialized,25000000.0,exiobase,calibrated_benchmark,2,Health_Social,0.50698,94.74,13.16,0.686,0.35489,14876.84,640.67,106.29,23.487
hospitals_P2,Africa,Health_Specialized,25000000.0,exiobase,calibrated_benchmark,2,Manufacturing,1.44138,725.63,15.42,3.2206,0.60538,14876.84,640.67,106.29,23.487
hospitals_P2,Africa,Health_Specialized,25000000.0,exiobase,calibrated_benchmark,2,Mining_Extraction,1.20467,516.02,11.28,3.1641,0.67461,14876.84,640.67,106.29,23.487
hospitals_P2,Africa,Health_Specialized,25000000.0,exiobase,calibrated_benchmark,2,Transport_Logistics,0.62738,140.58,8.45,0.5131,0.37643,14876.84,640.67,106.29,23.487
hospitals_P2,Africa,Health_Specialized,25000000.0,exiobase,calibrated_benchmark,2,Water_Waste,0.34005,52.59,5.8,3.9636,0.23463,14876.84,640.67,106.29,23.487
hospitals_P2,Africa,Health_Specialized,25000000.0,exiobase,calibrated_benchmark,3,Agriculture,0.12479,20.55,4.06,0.9986,0.09484,15802.98,676.85,113.716,24.993
hospitals_P2,Africa,Health_Specialized,25000000.0,exiobase,calibrated_benchmark,3,Construction,0.21826,65.21,4.35,0.2625,0.10476,15802.98,676.85,113.716,24.993
hospitals_P2,Africa,Health_Specialized,25000000.0,exiobase,calibrated_benchmark,3,Energy_Utilities,0.40312,128.06,2.6,0.7583,0.25799,15802.98,676.85,113.716,24.993
hospitals_P2,Africa,Health_Specialized,25000000.0,exiobase,calibrated_benchmark,3,Health_Social,0.23327,43.59,6.05,0.3156,0.16329,15802.98,676.85,113.716,24.993
hospitals_P2,Africa,Health_Specialized,25000000.0,exiobase,calibrated_benchmark,3,Manufacturing,0.66472,334.63,7.11,1.4852,0.27918,15802.98,676.85,113.716,24.993
hospitals_P2,Africa,Health_Specialized,25000000.0,exiobase,calibrated_benchmark,3,Mining_Extraction,0.56869,243.6,5.32,1.4937,0.31847,15802.98,676.85,113.716,24.993
hospitals_P2,Africa,Health_Specialized,25000000.0,exiobase,calibrated_benchmark,3,Transport_Logistics,0.293,65.65,3.95,0.2396,0.1758,15802.98,676.85,113.716,24.993
hospitals_P2,Africa,Health_Specialized,25000000.0,exiobase,calibrated_benchmark,3,Water_Waste,0.16071,24.85,2.74,1.8732,0.11089,15802.98,676.85,113.716,24.993
hospitals_P2,Africa,Health_Specialized,25000000.0,exiobase,calibrated_benchmark,4,Agriculture,0.05819,9.58,1.89,0.4656,0.04422,16235.32,693.72,117.183,25.695
hospitals_P2,Africa,Health_Specialized,25000000.0,exiobase,calibrated_benchmark,4,Construction,0.10151,30.33,2.02,0.1221,0.04873,16235.32,693.72,117.183,25.695
hospitals_P2,Africa,Health_Specialized,25000000.0,exiobase,calibrated_benchmark,4,Energy_Utilities,0.18841,59.86,1.21,0.3544,0.12058,16235.32,693.72,117.183,25.695
hospitals_P2,Africa,Health_Specialized,25000000.0,exiobase,calibrated_benchmark,4,Health_Social,0.10874,20.32,2.82,0.1471,0.07612,16235.32,693.72,117.183,25.695
hospitals_P2,Africa,Health_Specialized,25000000.0,exiobase,calibrated_benchmark,4,Manufacturing,0.31087,156.5,3.33,0.6946,0.13057,16235.32,693.72,117.183,25.695
hospitals_P2,Africa,Health_Specialized,25000000.0,exiobase,calibrated_benchmark,4,Mining_Extraction,0.26492,113.48,2.48,0.6958,0.14835,16235.32,693.72,117.183,25.695
hospitals_P2,Africa,Health_Specialized,25000000.0,exiobase,calibrated_benchmark,4,Transport_Logistics,0.13683,30.66,1.84,0.1119,0.0821,16235.32,693.72,117.183,25.695
hospitals_P2,Africa,Health_Specialized,25000000.0,exiobase,calibrated_benchmark,4,Water_Waste,0.07506,11.61,1.28,0.8748,0.05179,16235.32,693.72,117.183,25.695
hospitals_P2,Africa,Health_Specialized,25000000.0,exiobase,calibrated_benchmark,5,Agriculture,0.02715,4.47,0.88,0.2173,0.02064,16437.1,701.6,118.801,26.023
hospitals_P2,Africa,Health_Specialized,25000000.0,exiobase,calibrated_benchmark,5,Construction,0.04741,14.16,0.94,0.057,0.02275,16437.1,701.6,118.801,26.023
hospitals_P2,Africa,Health_Specialized,25000000.0,exiobase,calibrated_benchmark,5,Energy_Utilities,0.08794,27.94,0.57,0.1654,0.05628,16437.1,701.6,118.801,26.023
hospitals_P2,Africa,Health_Specialized,25000000.0,exiobase,calibrated_benchmark,5,Health_Social,0.05074,9.48,1.32,0.0687,0.03552,16437.1,701.6,118.801,26.023
hospitals_P2,Africa,Health_Specialized,25000000.0,exiobase,calibrated_benchmark,5,Manufacturing,0.14503,73.01,1.55,0.324,0.06091,16437.1,701.6,118.801,26.023
hospitals_P2,Africa,Health_Specialized,25000000.0,exiobase,calibrated_benchmark,5,Mining_Extraction,0.12371,52.99,1.16,0.3249,0.06928,16437.1,701.6,118.801,26.023
hospitals_P2,Africa,Health_Specialized,25000000.0,exiobase,calibrated_benchmark,5,Transport_Logistics,0.06386,14.31,0.86,0.0522,0.03831,16437.1,701.6,118.801,26.023
hospitals_P2,Africa,Health_Specialized,25000000.0,exiobase,calibrated_benchmark,5,Water_Waste,0.03504,5.42,0.6,0.4084,0.02418,16437.1,701.6,118.801,26.023
hospitals_P2,Africa,Health_Specialized,25000000.0,exiobase,calibrated_benchmark,6,Agriculture,0.01267,2.09,0.41,0.1014,0.00963,16531.29,705.26,119.556,26.176
hospitals_P2,Africa,Health_Specialized,25000000.0,exiobase,calibrated_benchmark,6,Construction,0.02212,6.61,0.44,0.0266,0.01062,16531.29,705.26,119.556,26.176
hospitals_P2,Africa,Health_Specialized,25000000.0,exiobase,calibrated_benchmark,6,Energy_Utilities,0.04104,13.04,0.26,0.0772,0.02627,16531.29,705.26,119.556,26.176
hospitals_P2,Africa,Health_Specialized,25000000.0,exiobase,calibrated_benchmark,6,Health_Social,0.02368,4.43,0.61,0.032,0.01658,16531.29,705.26,119.556,26.176
hospitals_P2,Africa,Health_Specialized,25000000.0,exiobase,calibrated_benchmark,6,Manufacturing,0.0677,34.08,0.72,0.1513,0.02843,16531.29,705.26,119.556,26.176
hospitals_P2,Africa,Health_Specialized,25000000.0,exiobase,calibrated_benchmark,6,Mining_Extraction,0.05773,24.73,0.54,0.1516,0.03233,16531.29,705.26,119.556,26.176
hospitals_P2,Africa,Health_Specialized,25000000.0,exiobase,calibrated_benchmark,6,Transport_Logistics,0.0298,6.68,0.4,0.0244,0.01788,16531.29,705.26,119.556,26.176
hospitals_P2,Africa,Health_Specialized,25000000.0,exiobase,calibrated_benchmark,6,Water_Waste,0.01635,2.53,0.28,0.1906,0.01128,16531.29,705.26,119.556,26.176
hospitals_P2,Africa,Health_Specialized,25000000.0,exiobase,calibrated_benchmark,7,Agriculture,0.00591,0.97,0.19,0.0473,0.0045,16575.25,706.98,119.908,26.247
hospitals_P2,Africa,Health_Specialized,25000000.0,exiobase,calibrated_benchmark,7,Construction,0.01033,3.08,0.21,0.0124,0.00496,16575.25,706.98,119.908,26.247
hospitals_P2,Africa,Health_Specialized,25000000.0,exiobase,calibrated_benchmark,7,Energy_Utilities,0.01916,6.09,0.12,0.036,0.01226,16575.25,706.98,119.908,26.247
hospitals_P2,Africa,Health_Specialized,25000000.0,exiobase,calibrated_benchmark,7,Health_Social,0.01105,2.07,0.29,0.015,0.00774,16575.25,706.98,119.908,26.247
hospitals_P2,Africa,Health_Specialized,25000000.0,exiobase,calibrated_benchmark,7,Manufacturing,0.0316,15.91,0.34,0.0706,0.01327,16575.25,706.98,119.908,26.247
hospitals_P2,Africa,Health_Specialized,25000000.0,exiobase,calibrated_benchmark,7,Mining_Extraction,0.02695,11.54,0.25,0.0708,0.01509,16575.25,706.98,119.908,26.247
hospitals_P2,Africa,Health_Specialized,25000000.0,exiobase,calibrated_benchmark,7,Transport_Logistics,0.01391,3.12,0.19,0.0114,0.00835,16575.25,706.98,119.908,26.247
hospitals_P2,Africa,Health_Specialized,25000000.0,exiobase,calibrated_benchmark,7,Water_Waste,0.00763,1.18,0.13,0.089,0.00527,16575.25,706.98,119.908,26.247
hospitals_P2,Africa,Health_Specialized,25000000.0,exiobase,calibrated_benchmark,8,Agriculture,0.00276,0.45,0.09,0.0221,0.0021,16595.75,707.79,120.073,26.281
hospitals_P2,Africa,Health_Specialized,25000000.0,exiobase,calibrated_benchmark,8,Construction,0.00482,1.44,0.1,0.0058,0.00231,16595.75,707.79,120.073,26.281
hospitals_P2,Africa,Health_Specialized,25000000.0,exiobase,calibrated_benchmark,8,Energy_Utilities,0.00894,2.84,0.06,0.0168,0.00572,16595.75,707.79,120.073,26.281
hospitals_P2,Africa,Health_Specialized,25000000.0,exiobase,calibrated_benchmark,8,Health_Social,0.00516,0.96,0.13,0.007,0.00361,16595.75,707.79,120.073,26.281
hospitals_P2,Africa,Health_Specialized,25000000.0,exiobase,calibrated_benchmark,8,Manufacturing,0.01475,7.42,0.16,0.033,0.00619,16595.75,707.79,120.073,26.281
hospitals_P2,Africa,Health_Specialized,25000000.0,exiobase,calibrated_benchmark,8,Mining_Extraction,0.01258,5.39,0.12,0.033,0.00704,16595.75,707.79,120.073,26.281
hospitals_P2,Africa,Health_Specialized,25000000.0,exiobase,calibrated_benchmark,8,Transport_Logistics,0.00649,1.45,0.09,0.0053,0.0039,16595.75,707.79,120.073,26.281
hospitals_P2,Africa,Health_Specialized,25000000.0,exiobase,calibrated_benchmark,8,Water_Waste,0.00356,0.55,0.06,0.0415,0.00246,16595.75,707.79,120.073,26.281
hospitals_P3,Europe,Health_General,75000000.0,exiobase,calibrated_benchmark,0,Agriculture,1.5,187.42,22.44,5.0925,1.14,12616.99,561.87,99.689,41.385
hospitals_P3,Europe,Health_General,75000000.0,exiobase,calibrated_benchmark,0,Construction,22.5,3745.17,192.78,13.095,10.8,12616.99,561.87,99.689,41.385
hospitals_P3,Europe,Health_General,75000000.0,exiobase,calibrated_benchmark,0,Energy_Utilities,7.5,652.08,23.49,7.524,4.8,12616.99,561.87,99.689,41.385
hospitals_P3,Europe,Health_General,75000000.0,exiobase,calibrated_benchmark,0,Health_Social,11.25,1125.18,129.76,7.857,7.875,12616.99,561.87,99.689,41.385
hospitals_P3,Europe,Health_General,75000000.0,exiobase,calibrated_benchmark,0,Manufacturing,16.5,4815.36,83.64,19.8891,6.93,12616.99,561.87,99.689,41.385
hospitals_P3,Europe,Health_General,75000000.0,exiobase,calibrated_benchmark,0,Mining_Extraction,3.75,838.08,16.63,5.184,2.1,12616.99,561.87,99.689,41.385
hospitals_P3,Europe,Health_General,75000000.0,exiobase,calibrated_benchmark,0,Transport_Logistics,6.0,814.8,42.59,2.6957,3.6,12616.99,561.87,99.689,41.385
hospitals_P3,Europe,Health_General,75000000.0,exiobase,calibrated_benchmark,0,Water_Waste,6.0,438.9,50.54,38.352,4.14,12616.99,561.87,99.689,41.385
hospitals_P3,Europe,Health_General,75000000.0,exiobase,calibrated_benchmark,1,Agriculture,1.5195,189.86,22.73,5.1587,1.15482,18993.86,790.1,150.031,61.366
hospitals_P3,Europe,Health_General,75000000.0,exiobase,calibrated_benchmark,1,Construction,2.90625,483.75,24.9,1.6914,1.395,18993.86,790.1,150.031,61.366
hospitals_P3,Europe,Health_General,75000000.0,exiobase,calibrated_benchmark,1,Energy_Utilities,5.346,464.8,16.74,5.3631,3.42144,18993.86,790.1,150.031,61.366
hospitals_P3,Europe,Health_General,75000000.0,exiobase,calibrated_benchmark,1,Health_Social,3.66,366.06,42.22,2.5561,2.562,18993.86,790.1,150.031,61.366
hospitals_P3,Europe,Health_General,75000000.0,exiobase,calibrated_benchmark,1,Manufacturing,9.04875,2640.79,45.87,10.9074,3.80048,18993.86,790.1,150.031,61.366
hospitals_P3,Europe,Health_General,75000000.0,exiobase,calibrated_benchmark,1,Mining_Extraction,6.96375,1556.31,30.89,9.6267,3.8997,18993.86,790.1,150.031,61.366
hospitals_P3,Europe,Health_General,75000000.0,exiobase,calibrated_benchmark,1,Transport_Logistics,3.85125,523.0,27.34,1.7303,2.31075,18993.86,790.1,150.031,61.366
hospitals_P3,Europe,Health_General,75000000.0,exiobase,calibrated_benchmark,1,Water_Waste,2.082,152.3,17.54,13.3081,1.43658,18993.86,790.1,150.031,61.366
hospitals_P3,Europe,Health_General,75000000.0,exiobase,calibrated_benchmark,2,Agriculture,0.77428,96.75,11.58,2.6287,0.58846,21968.59,895.45,173.909,70.669
hospitals_P3,Europe,Health_General,75000000.0,exiobase,calibrated_benchmark,2,Construction,1.35359,225.31,11.6,0.7878,0.64972,21968.59,895.45,173.909,70.669
hospitals_P3,Europe,Health_General,75000000.0,exiobase,calibrated_benchmark,2,Energy_Utilities,2.48178,215.78,7.77,2.4897,1.58834,21968.59,895.45,173.909,70.669
hospitals_P3,Europe,Health_General,75000000.0,exiobase,calibrated_benchmark,2,Health_Social,1.47231,147.25,16.98,1.0283,1.03062,21968.59,895.45,173.909,70.669
hospitals_P3,Europe,Health_General,75000000.0,exiobase,calibrated_benchmark,2,Manufacturing,4.06924,1187.57,20.63,4.9051,1.70908,21968.59,895.45,173.909,70.669
hospitals_P3,Europe,Health_General,75000000.0,exiobase,calibrated_benchmark,2,Mining_Extraction,3.50626,783.61,15.55,4.8471,1.96351,21968.59,895.45,173.909,70.669
hospitals_P3,Europe,Health_General,75000000.0,exiobase,calibrated_benchmark,2,Transport_Logistics,1.80748,245.46,12.83,0.8121,1.08449,21968.59,895.45,173.909,70.669
hospitals_P3,Europe,Health_General,75000000.0,exiobase,calibrated_benchmark,2,Water_Waste,0.99797,73.0,8.41,6.379,0.6886,21968.59,895.45,173.909,70.669
hospitals_P3,Europe,Health_General,75000000.0,exiobase,calibrated_benchmark,3,Agriculture,0.36015,45.0,5.39,1.2227,0.27371,23358.1,944.43,185.036,75.001
hospitals_P3,Europe,Health_General,75000000.0,exiobase,calibrated_benchmark,3,Construction,0.62449,103.95,5.35,0.3635,0.29976,23358.1,944.43,185.036,75.001
hospitals_P3,Europe,Health_General,75000000.0,exiobase,calibrated_benchmark,3,Energy_Utilities,1.16242,101.07,3.64,1.1661,0.74395,23358.1,944.43,185.036,75.001
hospitals_P3,Europe,Health_General,75000000.0,exiobase,calibrated_benchmark,3,Health_Social,0.67287,67.3,7.76,0.4699,0.47101,23358.1,944.43,185.036,75.001
hospitals_P3,Europe,Health_General,75000000.0,exiobase,calibrated_benchmark,3,Manufacturing,1.91715,559.5,9.72,2.3109,0.8052,23358.1,944.43,185.036,75.001
hospitals_P3,Europe,Health_General,75000000.0,exiobase,calibrated_benchmark,3,Mining_Extraction,1.6293,364.13,7.23,2.2523,0.91241,23358.1,944.43,185.036,75.001
hospitals_P3,Europe,Health_General,75000000.0,exiobase,calibrated_benchmark,3,Transport_Logistics,0.84425,114.65,5.99,0.3793,0.50655,23358.1,944.43,185.036,75.001
hospitals_P3,Europe,Health_General,75000000.0,exiobase,calibrated_benchmark,3,Water_Waste,0.46351,33.91,3.9,2.9628,0.31982,23358.1,944.43,185.036,75.001
hospitals_P3,Europe,Health_General,75000000.0,exiobase,calibrated_benchmark,4,Agriculture,0.16765,20.95,2.51,0.5692,0.12742,24006.57,967.27,190.228,77.022
hospitals_P3,Europe,Health_General,75000000.0,exiobase,calibrated_benchmark,4,Construction,0.29223,48.64,2.5,0.1701,0.14027,24006.57,967.27,190.228,77.022
hospitals_P3,Europe,Health_General,75000000.0,exiobase,calibrated_benchmark,4,Energy_Utilities,0.5421,47.13,1.7,0.5438,0.34695,24006.57,967.27,190.228,77.022
hospitals_P3,Europe,Health_General,75000000.0,exiobase,calibrated_benchmark,4,Health_Social,0.313,31.31,3.61,0.2186,0.2191,24006.57,967.27,190.228,77.022
hospitals_P3,Europe,Health_General,75000000.0,exiobase,calibrated_benchmark,4,Manufacturing,0.89353,260.77,4.53,1.0771,0.37528,24006.57,967.27,190.228,77.022
hospitals_P3,Europe,Health_General,75000000.0,exiobase,calibrated_benchmark,4,Mining_Extraction,0.76248,170.4,3.38,1.054,0.42699,24006.57,967.27,190.228,77.022
hospitals_P3,Europe,Health_General,75000000.0,exiobase,calibrated_benchmark,4,Transport_Logistics,0.3937,53.46,2.79,0.1769,0.23622,24006.57,967.27,190.228,77.022
hospitals_P3,Europe,Health_General,75000000.0,exiobase,calibrated_benchmark,4,Water_Waste,0.21614,15.81,1.82,1.3816,0.14914,24006.57,967.27,190.228,77.022
hospitals_P3,Europe,Health_General,75000000.0,exiobase,calibrated_benchmark,5,Agriculture,0.07815,9.76,1.17,0.2653,0.05939,24309.24,977.93,192.65,77.966
hospitals_P3,Europe,Health_General,75000000.0,exiobase,calibrated_benchmark,5,Construction,0.13634,22.69,1.17,0.0794,0.06545,24309.24,977.93,192.65,77.966
hospitals_P3,Europe,Health_General,75000000.0,exiobase,calibrated_benchmark,5,Energy_Utilities,0.25301,22.0,0.79,0.2538,0.16193,24309.24,977.93,192.65,77.966
hospitals_P3,Europe,Health_General,75000000.0,exiobase,calibrated_benchmark,5,Health_Social,0.14601,14.6,1.68,0.102,0.10221,24309.24,977.93,192.65,77.966
hospitals_P3,Europe,Health_General,75000000.0,exiobase,calibrated_benchmark,5,Manufacturing,0.41726,121.77,2.12,0.503,0.17525,24309.24,977.93,192.65,77.966
hospitals_P3,Europe,Health_General,75000000.0,exiobase,calibrated_benchmark,5,Mining_Extraction,0.35581,79.52,1.58,0.4919,0.19926,24309.24,977.93,192.65,77.966
hospitals_P3,Europe,Health_General,75000000.0,exiobase,calibrated_benchmark,5,Transport_Logistics,0.18373,24.95,1.3,0.0825,0.11024,24309.24,977.93,192.65,77.966
hospitals_P3,Europe,Health_General,75000000.0,exiobase,calibrated_benchmark,5,Water_Waste,0.10082,7.38,0.85,0.6445,0.06957,24309.24,977.93,192.65,77.966
hospitals_P3,Europe,Health_General,75000000.0,exiobase,calibrated_benchmark,6,Agriculture,0.03646,4.56,0.55,0.1238,0.02771,24450.5,982.93,193.781,78.406
hospitals_P3,Europe,Health_General,75000000.0,exiobase,calibrated_benchmark,6,Construction,0.06365,10.59,0.55,0.037,0.03055,24450.5,982.93,193.781,78.406
hospitals_P3,Europe,Health_General,75000000.0,exiobase,calibrated_benchmark,6,Energy_Utilities,0.11808,10.27,0.37,0.1185,0.07557,24450.5,982.93,193.781,78.406
hospitals_P3,Europe,Health_General,75000000.0,exiobase,calibrated_benchmark,6,Health_Social,0.06814,6.81,0.79,0.0476,0.0477,24450.5,982.93,193.781,78.406
hospitals_P3,Europe,Health_General,75000000.0,exiobase,calibrated_benchmark,6,Manufacturing,0.19474,56.83,0.99,0.2347,0.08179,24450.5,982.93,193.781,78.406
hospitals_P3,Europe,Health_General,75000000.0,exiobase,calibrated_benchmark,6,Mining_Extraction,0.16609,37.12,0.74,0.2296,0.09301,24450.5,982.93,193.781,78.406
hospitals_P3,Europe,Health_General,75000000.0,exiobase,calibrated_benchmark,6,Transport_Logistics,0.08574,11.64,0.61,0.0385,0.05145,24450.5,982.93,193.781,78.406
hospitals_P3,Europe,Health_General,75000000.0,exiobase,calibrated_benchmark,6,Water_Waste,0.04705,3.44,0.4,0.3008,0.03247,24450.5,982.93,193.781,78.406
hospitals_P3,Europe,Health_General,75000000.0,exiobase,calibrated_benchmark,7,Agriculture,0.01702,2.13,0.25,0.0578,0.01293,24516.44,985.23,194.308,78.611
hospitals_P3,Europe,Health_General,75000000.0,exiobase,calibrated_benchmark,7,Construction,0.02971,4.94,0.25,0.0173,0.01426,24516.44,985.23,194.308,78.611
hospitals_P3,Europe,Health_General,75000000.0,exiobase,calibrated_benchmark,7,Energy_Utilities,0.05511,4.79,0.17,0.0553,0.03527,24516.44,985.23,194.308,78.611
hospitals_P3,Europe,Health_General,75000000.0,exiobase,calibrated_benchmark,7,Health_Social,0.0318,3.18,0.37,0.0222,0.02226,24516.44,985.23,194.308,78.611
hospitals_P3,Europe,Health_General,75000000.0,exiobase,calibrated_benchmark,7,Manufacturing,0.0909,26.53,0.46,0.1096,0.03818,24516.44,985.23,194.308,78.611
hospitals_P3,Europe,Health_General,75000000.0,exiobase,calibrated_benchmark,7,Mining_Extraction,0.07752,17.33,0.34,0.1072,0.04341,24516.44,985.23,194.308,78.611
hospitals_P3,Europe,Health_General,75000000.0,exiobase,calibrated_benchmark,7,Transport_Logistics,0.04002,5.43,0.28,0.018,0.02401,24516.44,985.23,194.308,78.611
hospitals_P3,Europe,Health_General,75000000.0,exiobase,calibrated_benchmark,7,Water_Waste,0.02196,1.61,0.18,0.1404,0.01515,24516.44,985.23,194.308,78.611
hospitals_P3,Europe,Health_General,75000000.0,exiobase,calibrated_benchmark,8,Agriculture,0.00794,0.99,0.12,0.027,0.00604,24547.22,986.32,194.555,78.707
hospitals_P3,Europe,Health_General,75000000.0,exiobase,calibrated_benchmark,8,Construction,0.01386,2.31,0.12,0.0081,0.00666,24547.22,986.32,194.555,78.707
hospitals_P3,Europe,Health_General,75000000.0,exiobase,calibrated_benchmark,8,Energy_Utilities,0.02572,2.24,0.08,0.0258,0.01646,24547.22,986.32,194.555,78.707
hospitals_P3,Europe,Health_General,75000000.0,exiobase,calibrated_benchmark,8,Health_Social,0.01484,1.48,0.17,0.0104,0.01039,24547.22,986.32,194.555,78.707
hospitals_P3,Europe,Health_General,75000000.0,exiobase,calibrated_benchmark,8,Manufacturing,0.04242,12.38,0.22,0.0511,0.01782,24547.22,986.32,194.555,78.707
hospitals_P3,Europe,Health_General,75000000.0,exiobase,calibrated_benchmark,8,Mining_Extraction,0.03618,8.09,0.16,0.05,0.02026,24547.22,986.32,194.555,78.707
hospitals_P3,Europe,Health_General,75000000.0,exiobase,calibrated_benchmark,8,Transport_Logistics,0.01868,2.54,0.13,0.0084,0.01121,24547.22,986.32,194.555,78.707
hospitals_P3,Europe,Health_General,75000000.0,exiobase,calibrated_benchmark,8,Water_Waste,0.01025,0.75,0.09,0.0655,0.00707,24547.22,986.32,194.555,78.707
hydro_P1,Africa,Energy,30000000.0,exiobase,calibrated_benchmark,0,Agriculture,0.3,49.39,9.77,2.4008,0.228,10872.23,440.3,58.651,15.132
hydro_P1,Africa,Energy,30000000.0,exiobase,calibrated_benchmark,0,Construction,11.4,3405.86,226.95,13.7119,5.472,10872.23,440.3,58.651,15.132
hydro_P1,Africa,Energy,30000000.0,exiobase,calibrated_benchmark,0,Energy_Utilities,3.0,953.04,19.31,5.643,1.92,10872.23,440.3,58.651,15.132
hydro_P1,Africa,Energy,30000000.0,exiobase,calibrated_benchmark,0,Health_Social,0.9,168.18,23.36,1.2178,0.63,10872.23,440.3,58.651,15.132
hydro_P1,Africa,Energy,30000000.0,exiobase,calibrated_benchmark,0,Manufacturing,9.6,4832.87,102.73,21.4502,4.032,10872.23,440.3,58.651,15.132
hydro_P1,Africa,Energy,30000000.0,exiobase,calibrated_benchmark,0,Mining_Extraction,2.1,899.54,19.66,5.5158,1.176,10872.23,440.3,58.651,15.132
hydro_P1,Africa,Energy,30000000.0,exiobase,calibrated_benchmark,0,Transport_Logistics,2.1,470.55,28.28,1.7176,1.26,10872.23,440.3,58.651,15.132
hydro_P1,Africa,Energy,30000000.0,exiobase,calibrated_benchmark,0,Water_Waste,0.6,92.8,10.24,6.9936,0.414,10872.23,440.3,58.651,15.132
hydro_P1,Africa,Energy,30000000.0,exiobase,calibrated_benchmark,1,Agriculture,0.5118,84.26,16.66,4.0957,0.38897,16434.01,647.38,99.212,23.802
hydro_P1,Africa,Energy,30000000.0,exiobase,calibrated_benchmark,1,Construction,1.425,425.73,28.37,1.714,0.684,16434.01,647.38,99.212,23.802
hydro_P1,Africa,Energy,30000000.0,exiobase,calibrated_benchmark,1,Energy_Utilities,2.2254,706.97,14.33,4.186,1.42426,16434.01,647.38,99.212,23.802
hydro_P1,Africa,Energy,30000000.0,exiobase,calibrated_benchmark,1,Health_Social,1.3488,252.05,35.0,1.8251,0.94416,16434.01,647.38,99.212,23.802
hydro_P1,Africa,Energy,30000000.0,exiobase,calibrated_benchmark,1,Manufacturing,4.1973,2113.02,44.91,9.3784,1.76287,16434.01,647.38,99.212,23.802
hydro_P1,Africa,Energy,30000000.0,exiobase,calibrated_benchmark,1,Mining_Extraction,3.4842,1492.46,32.62,9.1515,1.95115,16434.01,647.38,99.212,23.802
hydro_P1,Africa,Energy,30000000.0,exiobase,calibrated_benchmark,1,Transport_Logistics,1.65,369.72,22.22,1.3496,0.99,16434.01,647.38,99.212,23.802
hydro_P1,Africa,Energy,30000000.0,exiobase,calibrated_benchmark,1,Water_Waste,0.7602,117.57,12.97,8.8609,0.52454,16434.01,647.38,99.212,23.802
hydro_P1,Africa,Energy,30000000.0,exiobase,calibrated_benchmark,2,Agriculture,0.31955,52.61,10.4,2.5572,0.24286,19027.04,747.24,119.556,27.97
hydro_P1,Africa,Energy,30000000.0,exiobase,calibrated_benchmark,2,Construction,0.61982,185.18,12.34,0.7455,0.29751,19027.04,747.24,119.556,27.97
hydro_P1,Africa,Energy,30000000.0,exiobase,calibrated_benchmark,2,Energy_Utilities,1.10766,351.88,7.13,2.0835,0.7089,19027.04,747.24,119.556,27.97
hydro_P1,Africa,Energy,30000000.0,exiobase,calibrated_benchmark,2,Health_Social,0.63948,119.5,16.6,0.8653,0.44764,19027.04,747.24,119.556,27.97
hydro_P1,Africa,Energy,30000000.0,exiobase,calibrated_benchmark,2,Manufacturing,1.88167,947.28,20.14,4.2044,0.7903,19027.04,747.24,119.556,27.97
hydro_P1,Africa,Energy,30000000.0,exiobase,calibrated_benchmark,2,Mining_Extraction,1.60977,689.55,15.07,4.2281,0.90147,19027.04,747.24,119.556,27.97
hydro_P1,Africa,Energy,30000000.0,exiobase,calibrated_benchmark,2,Transport_Logistics,0.80634,180.68,10.86,0.6595,0.4838,19027.04,747.24,119.556,27.97
hydro_P1,Africa,Energy,30000000.0,exiobase,calibrated_benchmark,2,Water_Waste,0.429,66.35,7.32,5.0004,0.29601,19027.04,747.24,119.556,27.97
hydro_P1,Africa,Energy,30000000.0,exiobase,calibrated_benchmark,3,Agriculture,0.15891,26.16,5.17,1.2717,0.12077,20236.8,794.27,129.2,29.93
hydro_P1,Africa,Energy,30000000.0,exiobase,calibrated_benchmark,3,Construction,0.28515,85.19,5.68,0.343,0.13687,20236.8,794.27,129.2,29.93
hydro_P1,Africa,Energy,30000000.0,exiobase,calibrated_benchmark,3,Energy_Utilities,0.52477,166.71,3.38,0.9871,0.33586,20236.8,794.27,129.2,29.93
hydro_P1,Africa,Energy,30000000.0,exiobase,calibrated_benchmark,3,Health_Social,0.30223,56.48,7.84,0.409,0.21156,20236.8,794.27,129.2,29.93
hydro_P1,Africa,Energy,30000000.0,exiobase,calibrated_benchmark,3,Manufacturing,0.87227,439.12,9.33,1.949,0.36635,20236.8,794.27,129.2,29.93
hydro_P1,Africa,Energy,30000000.0,exiobase,calibrated_benchmark,3,Mining_Extraction,0.74384,318.62,6.96,1.9537,0.41655,20236.8,794.27,129.2,29.93
hydro_P1,Africa,Energy,30000000.0,exiobase,calibrated_benchmark,3,Transport_Logistics,0.38103,85.38,5.13,0.3117,0.22862,20236.8,794.27,129.2,29.93
hydro_P1,Africa,Energy,30000000.0,exiobase,calibrated_benchmark,3,Water_Waste,0.20753,32.1,3.54,2.4189,0.14319,20236.8,794.27,129.2,29.93
hydro_P1,Africa,Energy,30000000.0,exiobase,calibrated_benchmark,4,Agriculture,0.07545,12.42,2.46,0.6038,0.05734,20801.34,816.29,133.719,30.847
hydro_P1,Africa,Energy,30000000.0,exiobase,calibrated_benchmark,4,Construction,0.13276,39.66,2.64,0.1597,0.06372,20801.34,816.29,133.719,30.847
hydro_P1,Africa,Energy,30000000.0,exiobase,calibrated_benchmark,4,Energy_Utilities,0.24573,78.06,1.58,0.4622,0.15726,20801.34,816.29,133.719,30.847
hydro_P1,Africa,Energy,30000000.0,exiobase,calibrated_benchmark,4,Health_Social,0.14169,26.48,3.68,0.1917,0.09918,20801.34,816.29,133.719,30.847
hydro_P1,Africa,Energy,30000000.0,exiobase,calibrated_benchmark,4,Manufacturing,0.40608,204.43,4.35,0.9073,0.17055,20801.34,816.29,133.719,30.847
hydro_P1,Africa,Energy,30000000.0,exiobase,calibrated_benchmark,4,Mining_Extraction,0.34643,148.4,3.24,0.9099,0.194,20801.34,816.29,133.719,30.847
hydro_P1,Africa,Energy,30000000.0,exiobase,calibrated_benchmark,4,Transport_Logistics,0.17842,39.98,2.4,0.1459,0.10705,20801.34,816.29,133.719,30.847
hydro_P1,Africa,Energy,30000000.0,exiobase,calibrated_benchmark,4,Water_Waste,0.09772,15.11,1.67,1.139,0.06743,20801.34,816.29,133.719,30.847
hydro_P1,Africa,Energy,30000000.0,exiobase,calibrated_benchmark,5,Agriculture,0.03538,5.83,1.15,0.2832,0.02689,21064.84,826.57,135.831,31.275
hydro_P1,Africa,Energy,30000000.0,exiobase,calibrated_benchmark,5,Construction,0.06191,18.5,1.23,0.0745,0.02972,21064.84,826.57,135.831,31.275
hydro_P1,Africa,Energy,30000000.0,exiobase,calibrated_benchmark,5,Energy_Utilities,0.11479,36.47,0.74,0.2159,0.07346,21064.84,826.57,135.831,31.275
hydro_P1,Africa,Energy,30000000.0,exiobase,calibrated_benchmark,5,Health_Social,0.06622,12.38,1.72,0.0896,0.04636,21064.84,826.57,135.831,31.275
hydro_P1,Africa,Energy,30000000.0,exiobase,calibrated_benchmark,5,Manufacturing,0.18943,95.36,2.03,0.4233,0.07956,21064.84,826.57,135.831,31.275
hydro_P1,Africa,Energy,30000000.0,exiobase,calibrated_benchmark,5,Mining_Extraction,0.16156,69.21,1.51,0.4244,0.09048,21064.84,826.57,135.831,31.275
hydro_P1,Africa,Energy,30000000.0,exiobase,calibrated_benchmark,5,Transport_Logistics,0.08335,18.68,1.12,0.0682,0.05001,21064.84,826.57,135.831,31.275
hydro_P1,Africa,Energy,30000000.0,exiobase,calibrated_benchmark,5,Water_Waste,0.04571,7.07,0.78,0.5328,0.03154,21064.84,826.57,135.831,31.275
hydro_P1,Africa,Energy,30000000.0,exiobase,calibrated_benchmark,6,Agriculture,0.01654,2.72,0.54,0.1323,0.01257,21187.81,831.37,136.817,31.475
hydro_P1,Africa,Energy,30000000.0,exiobase,calibrated_benchmark,6,Construction,0.02889,8.63,0.58,0.0347,0.01387,21187.81,831.37,136.817,31.475
hydro_P1,Africa,Energy,30000000.0,exiobase,calibrated_benchmark,6,Energy_Utilities,0.05359,17.02,0.34,0.1008,0.0343,21187.81,831.37,136.817,31.475
hydro_P1,Africa,Energy,30000000.0,exiobase,calibrated_benchmark,6,Health_Social,0.03092,5.78,0.8,0.0418,0.02164,21187.81,831.37,136.817,31.475
hydro_P1,Africa,Energy,30000000.0,exiobase,calibrated_benchmark,6,Manufacturing,0.0884,44.5,0.95,0.1975,0.03713,21187.81,831.37,136.817,31.475
hydro_P1,Africa,Energy,30000000.0,exiobase,calibrated_benchmark,6,Mining_Extraction,0.07539,32.3,0.71,0.198,0.04222,21187.81,831.37,136.817,31.475
hydro_P1,Africa,Energy,30000000.0,exiobase,calibrated_benchmark,6,Transport_Logistics,0.03891,8.72,0.52,0.0318,0.02335,21187.81,831.37,136.817,31.475
hydro_P1,Africa,Energy,30000000.0,exiobase,calibrated_benchmark,6,Water_Waste,0.02135,3.3,0.36,0.2488,0.01473,21187.81,831.37,136.817,31.475
hydro_P1,Africa,Energy,30000000.0,exiobase,calibrated_benchmark,7,Agriculture,0.00772,1.27,0.25,0.0618,0.00587,21245.21,833.6,137.277,31.568
hydro_P1,Africa,Energy,30000000.0,exiobase,calibrated_benchmark,7,Construction,0.01348,4.03,0.27,0.0162,0.00647,21245.21,833.6,137.277,31.568
hydro_P1,Africa,Energy,30000000.0,exiobase,calibrated_benchmark,7,Energy_Utilities,0.02501,7.95,0.16,0.047,0.01601,21245.21,833.6,137.277,31.568
hydro_P1,Africa,Energy,30000000.0,exiobase,calibrated_benchmark,7,Health_Social,0.01443,2.7,0.37,0.0195,0.0101,21245.21,833.6,137.277,31.568
hydro_P1,Africa,Energy,30000000.0,exiobase,calibrated_benchmark,7,Manufacturing,0.04126,20.77,0.44,0.0922,0.01733,21245.21,833.6,137.277,31.568
hydro_P1,Africa,Energy,30000000.0,exiobase,calibrated_benchmark,7,Mining_Extraction,0.03519,15.07,0.33,0.0924,0.0197,21245.21,833.6,137.277,31.568
hydro_P1,Africa,Energy,30000000.0,exiobase,calibrated_benchmark,7,Transport_Logistics,0.01816,4.07,0.24,0.0149,0.0109,21245.21,833.6,137.277,31.568
hydro_P1,Africa,Energy,30000000.0,exiobase,calibrated_benchmark,7,Water_Waste,0.00997,1.54,0.17,0.1162,0.00688,21245.21,833.6,137.277,31.568
hydro_P1,Africa,Energy,30000000.0,exiobase,calibrated_benchmark,8,Agriculture,0.0036,0.59,0.12,0.0288,0.00274,21271.99,834.65,137.492,31.611
hydro_P1,Africa,Energy,30000000.0,exiobase,calibrated_benchmark,8,Construction,0.00629,1.88,0.13,0.0076,0.00302,21271.99,834.65,137.492,31.611
hydro_P1,Africa,Energy,30000000.0,exiobase,calibrated_benchmark,8,Energy_Utilities,0.01167,3.71,0.08,0.022,0.00747,21271.99,834.65,137.492,31.611
hydro_P1,Africa,Energy,30000000.0,exiobase,calibrated_benchmark,8,Health_Social,0.00674,1.26,0.17,0.0091,0.00472,21271.99,834.65,137.492,31.611
hydro_P1,Africa,Energy,30000000.0,exiobase,calibrated_benchmark,8,Manufacturing,0.01926,9.69,0.21,0.043,0.00809,21271.99,834.65,137.492,31.611
hydro_P1,Africa,Energy,30000000.0,exiobase,calibrated_benchmark,8,Mining_Extraction,0.01642,7.03,0.15,0.0431,0.0092,21271.99,834.65,137.492,31.611
hydro_P1,Africa,Energy,30000000.0,exiobase,calibrated_benchmark,8,Transport_Logistics,0.00848,1.9,0.11,0.0069,0.00509,21271.99,834.65,137.492,31.611
hydro_P1,Africa,Energy,30000000.0,exiobase,calibrated_benchmark,8,Water_Waste,0.00465,0.72,0.08,0.0542,0.00321,21271.99,834.65,137.492,31.611
hydro_P2,Asia,Energy,150000000.0,exiobase,calibrated_benchmark,0,Agriculture,1.5,242.55,45.54,11.2763,1.14,50692.9,1973.43,279.693,75.66
hydro_P2,Asia,Energy,150000000.0,exiobase,calibrated_benchmark,0,Construction,57.0,15812.94,991.12,62.8094,27.36,50692.9,1973.43,279.693,75.66
hydro_P2,Asia,Energy,150000000.0,exiobase,calibrated_benchmark,0,Energy_Utilities,15.0,4213.44,86.13,25.992,9.6,50692.9,1973.43,279.693,75.66
hydro_P2,Asia,Energy,150000000.0,exiobase,calibrated_benchmark,0,Health_Social,4.5,781.7,102.37,5.6963,3.15,50692.9,1973.43,279.693,75.66
hydro_P2,Asia,Energy,150000000.0,exiobase,calibrated_benchmark,0,Manufacturing,48.0,22763.52,479.85,104.4288,20.16,50692.9,1973.43,279.693,75.66
hydro_P2,Asia,Energy,150000000.0,exiobase,calibrated_benchmark,0,Mining_Extraction,10.5,4236.96,91.85,26.8531,5.88,50692.9,1973.43,279.693,75.66
hydro_P2,Asia,Energy,150000000.0,exiobase,calibrated_benchmark,0,Transport_Logistics,10.5,2227.97,131.86,8.3462,6.3,50692.9,1973.43,279.693,75.66
hydro_P2,Asia,Energy,150000000.0,exiobase,calibrated_benchmark,0,Water_Waste,3.0,413.82,44.71,34.2912,2.07,50692.9,1973.43,279.693,75.66
hydro_P2,Asia,Energy,150000000.0,exiobase,calibrated_benchmark,1,Agriculture,2.559,413.79,77.69,19.2373,1.94484,76637.57,2914.75,474.816,119.01
hydro_P2,Asia,Energy,150000000.0,exiobase,calibrated_benchmark,1,Construction,7.125,1976.62,123.89,7.8512,3.42,76637.57,2914.75,474.816,119.01
hydro_P2,Asia,Energy,150000000.0,exiobase,calibrated_benchmark,1,Energy_Utilities,11.127,3125.53,63.89,19.2809,7.12128,76637.57,2914.75,474.816,119.01
hydro_P2,Asia,Energy,150000000.0,exiobase,calibrated_benchmark,1,Health_Social,6.744,1171.51,153.42,8.5369,4.7208,76637.57,2914.75,474.816,119.01
hydro_P2,Asia,Energy,150000000.0,exiobase,calibrated_benchmark,1,Manufacturing,20.9865,9952.64,209.8,45.6582,8.81433,76637.57,2914.75,474.816,119.01
hydro_P2,Asia,Energy,150000000.0,exiobase,calibrated_benchmark,1,Mining_Extraction,17.421,7029.72,152.38,44.5532,9.75576,76637.57,2914.75,474.816,119.01
hydro_P2,Asia,Energy,150000000.0,exiobase,calibrated_benchmark,1,Transport_Logistics,8.25,1750.55,103.6,6.5578,4.95,76637.57,2914.75,474.816,119.01
hydro_P2,Asia,Energy,150000000.0,exiobase,calibrated_benchmark,1,Water_Waste,3.801,524.31,56.65,43.447,2.62269,76637.57,2914.75,474.816,119.01
hydro_P2,Asia,Energy,150000000.0,exiobase,calibrated_benchmark,2,Agriculture,1.59774,258.36,48.51,12.011,1.21428,88727.85,3368.74,572.662,139.852
hydro_P2,Asia,Energy,150000000.0,exiobase,calibrated_benchmark,2,Construction,3.0991,859.75,53.89,3.415,1.48757,88727.85,3368.74,572.662,139.852
hydro_P2,Asia,Energy,150000000.0,exiobase,calibrated_benchmark,2,Energy_Utilities,5.53831,1555.69,31.8,9.5968,3.54452,88727.85,3368.74,572.662,139.852
hydro_P2,Asia,Energy,150000000.0,exiobase,calibrated_benchmark,2,Health_Social,3.19741,555.43,72.74,4.0474,2.23819,88727.85,3368.74,572.662,139.852
hydro_P2,Asia,Energy,150000000.0,exiobase,calibrated_benchmark,2,Manufacturing,9.40837,4461.82,94.05,20.4688,3.95151,88727.85,3368.74,572.662,139.852
hydro_P2,Asia,Energy,150000000.0,exiobase,calibrated_benchmark,2,Mining_Extraction,8.04883,3247.87,70.4,20.5844,4.50735,88727.85,3368.74,572.662,139.852
hydro_P2,Asia,Energy,150000000.0,exiobase,calibrated_benchmark,2,Transport_Logistics,4.03171,855.48,50.63,3.2047,2.41902,88727.85,3368.74,572.662,139.852
hydro_P2,Asia,Energy,150000000.0,exiobase,calibrated_benchmark,2,Water_Waste,2.145,295.88,31.97,24.5182,1.48005,88727.85,3368.74,572.662,139.852
hydro_P2,Asia,Energy,150000000.0,exiobase,calibrated_benchmark,3,Agriculture,0.79457,128.48,24.12,5.9732,0.60387,94367.88,3582.62,619.041,149.651
hydro_P2,Asia,Energy,150000000.0,exiobase,calibrated_benchmark,3,Construction,1.42577,395.54,24.79,1.5711,0.68437,94367.88,3582.62,619.041,149.651
hydro_P2,Asia,Energy,150000000.0,exiobase,calibrated_benchmark,3,Energy_Utilities,2.62387,737.03,15.07,4.5466,1.67928,94367.88,3582.62,619.041,149.651
hydro_P2,Asia,Energy,150000000.0,exiobase,calibrated_benchmark,3,Health_Social,1.51114,262.5,34.38,1.9129,1.0578,94367.88,3582.62,619.041,149.651
hydro_P2,Asia,Energy,150000000.0,exiobase,calibrated_benchmark,3,Manufacturing,4.36135,2068.33,43.6,9.4886,1.83177,94367.88,3582.62,619.041,149.651
hydro_P2,Asia,Energy,150000000.0,exiobase,calibrated_benchmark,3,Mining_Extraction,3.71919,1500.77,32.53,9.5116,2.08275,94367.88,3582.62,619.041,149.651
hydro_P2,Asia,Energy,150000000.0,exiobase,calibrated_benchmark,3,Transport_Logistics,1.90517,404.25,23.93,1.5144,1.1431,94367.88,3582.62,619.041,149.651
hydro_P2,Asia,Energy,150000000.0,exiobase,calibrated_benchmark,3,Water_Waste,1.03764,143.13,15.46,11.8606,0.71597,94367.88,3582.62,619.041,149.651
hydro_P2,Asia,Energy,150000000.0,exiobase,calibrated_benchmark,4,Agriculture,0.37726,61.0,11.45,2.8361,0.28672,96999.76,3682.71,640.776,154.234
hydro_P2,Asia,Energy,150000000.0,exiobase,calibrated_benchmark,4,Construction,0.6638,184.15,11.54,0.7315,0.31862,96999.76,3682.71,640.776,154.234
hydro_P2,Asia,Energy,150000000.0,exiobase,calibrated_benchmark,4,Energy_Utilities,1.22863,345.12,7.05,2.129,0.78632,96999.76,3682.71,640.776,154.234
hydro_P2,Asia,Energy,150000000.0,exiobase,calibrated_benchmark,4,Health_Social,0.70846,123.07,16.12,0.8968,0.49592,96999.76,3682.71,640.776,154.234
hydro_P2,Asia,Energy,150000000.0,exiobase,calibrated_benchmark,4,Manufacturing,2.03038,962.89,20.3,4.4173,0.85276,96999.76,3682.71,640.776,154.234
hydro_P2,Asia,Energy,150000000.0,exiobase,calibrated_benchmark,4,Mining_Extraction,1.73217,698.96,15.15,4.4299,0.97001,96999.76,3682.71,640.776,154.234
hydro_P2,Asia,Energy,150000000.0,exiobase,calibrated_benchmark,4,Transport_Logistics,0.89208,189.29,11.2,0.7091,0.53525,96999.76,3682.71,640.776,154.234
hydro_P2,Asia,Energy,150000000.0,exiobase,calibrated_benchmark,4,Water_Waste,0.48859,67.4,7.28,5.5848,0.33713,96999.76,3682.71,640.776,154.234
hydro_P2,Asia,Energy,150000000.0,exiobase,calibrated_benchmark,5,Agriculture,0.17692,28.61,5.37,1.33,0.13446,98228.1,3729.47,650.931,156.374
hydro_P2,Asia,Energy,150000000.0,exiobase,calibrated_benchmark,5,Construction,0.30955,85.88,5.38,0.3411,0.14858,98228.1,3729.47,650.931,156.374
hydro_P2,Asia,Energy,150000000.0,exiobase,calibrated_benchmark,5,Energy_Utilities,0.57394,161.22,3.3,0.9945,0.36732,98228.1,3729.47,650.931,156.374
hydro_P2,Asia,Energy,150000000.0,exiobase,calibrated_benchmark,5,Health_Social,0.33111,57.52,7.53,0.4191,0.23178,98228.1,3729.47,650.931,156.374
hydro_P2,Asia,Energy,150000000.0,exiobase,calibrated_benchmark,5,Manufacturing,0.94716,449.18,9.47,2.0606,0.39781,98228.1,3729.47,650.931,156.374
hydro_P2,Asia,Energy,150000000.0,exiobase,calibrated_benchmark,5,Mining_Extraction,0.80782,325.97,7.07,2.066,0.45238,98228.1,3729.47,650.931,156.374
hydro_P2,Asia,Energy,150000000.0,exiobase,calibrated_benchmark,5,Transport_Logistics,0.41675,88.43,5.23,0.3313,0.25005,98228.1,3729.47,650.931,156.374
hydro_P2,Asia,Energy,150000000.0,exiobase,calibrated_benchmark,5,Water_Waste,0.22856,31.53,3.41,2.6125,0.15771,98228.1,3729.47,650.931,156.374
hydro_P2,Asia,Energy,150000000.0,exiobase,calibrated_benchmark,6,Agriculture,0.08269,13.37,2.51,0.6216,0.06284,98801.38,3751.3,655.672,157.373
hydro_P2,Asia,Energy,150000000.0,exiobase,calibrated_benchmark,6,Construction,0.14445,40.07,2.51,0.1592,0.06934,98801.38,3751.3,655.672,157.373
hydro_P2,Asia,Energy,150000000.0,exiobase,calibrated_benchmark,6,Energy_Utilities,0.26794,75.26,1.54,0.4643,0.17148,98801.38,3751.3,655.672,157.373
hydro_P2,Asia,Energy,150000000.0,exiobase,calibrated_benchmark,6,Health_Social,0.1546,26.86,3.52,0.1957,0.10822,98801.38,3751.3,655.672,157.373
hydro_P2,Asia,Energy,150000000.0,exiobase,calibrated_benchmark,6,Manufacturing,0.44199,209.61,4.42,0.9616,0.18564,98801.38,3751.3,655.672,157.373
hydro_P2,Asia,Energy,150000000.0,exiobase,calibrated_benchmark,6,Mining_Extraction,0.37697,152.11,3.3,0.9641,0.2111,98801.38,3751.3,655.672,157.373
hydro_P2,Asia,Energy,150000000.0,exiobase,calibrated_benchmark,6,Transport_Logistics,0.19456,41.28,2.44,0.1547,0.11674,98801.38,3751.3,655.672,157.373
hydro_P2,Asia,Energy,150000000.0,exiobase,calibrated_benchmark,6,Water_Waste,0.10674,14.72,1.59,1.2201,0.07365,98801.38,3751.3,655.672,157.373
hydro_P2,Asia,Energy,150000000.0,exiobase,calibrated_benchmark,7,Agriculture,0.03861,6.24,1.17,0.2902,0.02934,99068.95,3761.48,657.885,157.839
hydro_P2,Asia,Energy,150000000.0,exiobase,calibrated_benchmark,7,Construction,0.06742,18.7,1.17,0.0743,0.03236,99068.95,3761.48,657.885,157.839
hydro_P2,Asia,Energy,150000000.0,exiobase,calibrated_benchmark,7,Energy_Utilities,0.12507,35.13,0.72,0.2167,0.08004,99068.95,3761.48,657.885,157.839
hydro_P2,Asia,Energy,150000000.0,exiobase,calibrated_benchmark,7,Health_Social,0.07217,12.54,1.64,0.0914,0.05052,99068.95,3761.48,657.885,157.839
hydro_P2,Asia,Energy,150000000.0,exiobase,calibrated_benchmark,7,Manufacturing,0.20628,97.83,2.06,0.4488,0.08664,99068.95,3761.48,657.885,157.839
hydro_P2,Asia,Energy,150000000.0,exiobase,calibrated_benchmark,7,Mining_Extraction,0.17593,70.99,1.54,0.4499,0.09852,99068.95,3761.48,657.885,157.839
hydro_P2,Asia,Energy,150000000.0,exiobase,calibrated_benchmark,7,Transport_Logistics,0.09082,19.27,1.14,0.0722,0.05449,99068.95,3761.48,657.885,157.839
hydro_P2,Asia,Energy,150000000.0,exiobase,calibrated_benchmark,7,Water_Waste,0.04983,6.87,0.74,0.5696,0.03438,99068.95,3761.48,657.885,157.839
hydro_P2,Asia,Energy,150000000.0,exiobase,calibrated_benchmark,8,Agriculture,0.01802,2.91,0.55,0.1355,0.0137,99193.83,3766.25,658.918,158.057
hydro_P2,Asia,Energy,150000000.0,exiobase,calibrated_benchmark,8,Construction,0.03147,8.73,0.55,0.0347,0.0151,99193.83,3766.25,658.918,158.057
hydro_P2,Asia,Energy,150000000.0,exiobase,calibrated_benchmark,8,Energy_Utilities,0.05837,16.4,0.34,0.1011,0.03736,99193.83,3766.25,658.918,158.057
hydro_P2,Asia,Energy,150000000.0,exiobase,calibrated_benchmark,8,Health_Social,0.03368,5.85,0.77,0.0426,0.02358,99193.83,3766.25,658.918,158.057
hydro_P2,Asia,Energy,150000000.0,exiobase,calibrated_benchmark,8,Manufacturing,0.09628,45.66,0.96,0.2095,0.04044,99193.83,3766.25,658.918,158.057
hydro_P2,Asia,Energy,150000000.0,exiobase,calibrated_benchmark,8,Mining_Extraction,0.08211,33.13,0.72,0.21,0.04598,99193.83,3766.25,658.918,158.057
hydro_P2,Asia,Energy,150000000.0,exiobase,calibrated_benchmark,8,Transport_Logistics,0.04239,8.99,0.53,0.0337,0.02543,99193.83,3766.25,658.918,158.057
hydro_P2,Asia,Energy,150000000.0,exiobase,calibrated_benchmark,8,Water_Waste,0.02326,3.21,0.35,0.2659,0.01605,99193.83,3766.25,658.918,158.057
hydro_P3,Europe,Energy,2000000.0,exiobase,calibrated_benchmark,0,Agriculture,0.02,2.5,0.3,0.0679,0.0152,392.4,13.32,2.036,1.009
hydro_P3,Europe,Energy,2000000.0,exiobase,calibrated_benchmark,0,Construction,0.76,126.5,6.51,0.4423,0.3648,392.4,13.32,2.036,1.009
hydro_P3,Europe,Energy,2000000.0,exiobase,calibrated_benchmark,0,Energy_Utilities,0.2,17.39,0.63,0.2006,0.128,392.4,13.32,2.036,1.009
hydro_P3,Europe,Energy,2000000.0,exiobase,calibrated_benchmark,0,Health_Social,0.06,6.0,0.69,0.0419,0.042,392.4,13.32,2.036,1.009
hydro_P3,Europe,Energy,2000000.0,exiobase,calibrated_benchmark,0,Manufacturing,0.64,186.78,3.24,0.7715,0.2688,392.4,13.32,2.036,1.009
hydro_P3,Europe,Energy,2000000.0,exiobase,calibrated_benchmark,0,Mining_Extraction,0.14,31.29,0.62,0.1935,0.0784,392.4,13.32,2.036,1.009
hydro_P3,Europe,Energy,2000000.0,exiobase,calibrated_benchmark,0,Transport_Logistics,0.14,19.01,0.99,0.0629,0.084,392.4,13.32,2.036,1.009
hydro_P3,Europe,Energy,2000000.0,exiobase,calibrated_benchmark,0,Water_Waste,0.04,2.93,0.34,0.2557,0.0276,392.4,13.32,2.036,1.009
hydro_P3,Europe,Energy,2000000.0,exiobase,calibrated_benchmark,1,Agriculture,0.03412,4.26,0.51,0.1158,0.02593,586.58,19.8,3.451,1.587
hydro_P3,Europe,Energy,2000000.0,exiobase,calibrated_benchmark,1,Construction,0.095,15.81,0.81,0.0553,0.0456,586.58,19.8,3.451,1.587
hydro_P3,Europe,Energy,2000000.0,exiobase,calibrated_benchmark,1,Energy_Utilities,0.14836,12.9,0.46,0.1488,0.09495,586.58,19.8,3.451,1.587
hydro_P3,Europe,Energy,2000000.0,exiobase,calibrated_benchmark,1,Health_Social,0.08992,8.99,1.04,0.0628,0.06294,586.58,19.8,3.451,1.587
hydro_P3,Europe,Energy,2000000.0,exiobase,calibrated_benchmark,1,Manufacturing,0.27982,81.66,1.42,0.3373,0.11752,586.58,19.8,3.451,1.587
hydro_P3,Europe,Energy,2000000.0,exiobase,calibrated_benchmark,1,Mining_Extraction,0.23228,51.91,1.03,0.3211,0.13008,586.58,19.8,3.451,1.587
hydro_P3,Europe,Energy,2000000.0,exiobase,calibrated_benchmark,1,Transport_Logistics,0.11,14.94,0.78,0.0494,0.066,586.58,19.8,3.451,1.587
hydro_P3,Europe,Energy,2000000.0,exiobase,calibrated_benchmark,1,Water_Waste,0.05068,3.71,0.43,0.3239,0.03497,586.58,19.8,3.451,1.587
hydro_P3,Europe,Energy,2000000.0,exiobase,calibrated_benchmark,2,Agriculture,0.0213,2.66,0.32,0.0723,0.01619,676.78,22.93,4.158,1.865
hydro_P3,Europe,Energy,2000000.0,exiobase,calibrated_benchmark,2,Construction,0.04132,6.88,0.35,0.024,0.01983,676.78,22.93,4.158,1.865
hydro_P3,Europe,Energy,2000000.0,exiobase,calibrated_benchmark,2,Energy_Utilities,0.07384,6.42,0.23,0.0741,0.04726,676.78,22.93,4.158,1.865
hydro_P3,Europe,Energy,2000000.0,exiobase,calibrated_benchmark,2,Health_Social,0.04263,4.26,0.49,0.0298,0.02984,676.78,22.93,4.158,1.865
hydro_P3,Europe,Energy,2000000.0,exiobase,calibrated_benchmark,2,Manufacturing,0.12544,36.61,0.64,0.1512,0.05269,676.78,22.93,4.158,1.865
hydro_P3,Europe,Energy,2000000.0,exiobase,calibrated_benchmark,2,Mining_Extraction,0.10732,23.98,0.48,0.1484,0.0601,676.78,22.93,4.158,1.865
hydro_P3,Europe,Energy,2000000.0,exiobase,calibrated_benchmark,2,Transport_Logistics,0.05376,7.3,0.38,0.0242,0.03225,676.78,22.93,4.158,1.865
hydro_P3,Europe,Energy,2000000.0,exiobase,calibrated_benchmark,2,Water_Waste,0.0286,2.09,0.24,0.1828,0.01973,676.78,22.93,4.158,1.865
hydro_P3,Europe,Energy,2000000.0,exiobase,calibrated_benchmark,3,Agriculture,0.01059,1.32,0.16,0.036,0.00805,718.83,24.4,4.492,1.995
hydro_P3,Europe,Energy,2000000.0,exiobase,calibrated_benchmark,3,Construction,0.01901,3.16,0.16,0.0111,0.00912,718.83,24.4,4.492,1.995
hydro_P3,Europe,Energy,2000000.0,exiobase,calibrated_benchmark,3,Energy_Utilities,0.03498,3.04,0.11,0.0351,0.02239,718.83,24.4,4.492,1.995
hydro_P3,Europe,Energy,2000000.0,exiobase,calibrated_benchmark,3,Health_Social,0.02015,2.02,0.23,0.0141,0.0141,718.83,24.4,4.492,1.995
hydro_P3,Europe,Energy,2000000.0,exiobase,calibrated_benchmark,3,Manufacturing,0.05815,16.97,0.29,0.0701,0.02442,718.83,24.4,4.492,1.995
hydro_P3,Europe,Energy,2000000.0,exiobase,calibrated_benchmark,3,Mining_Extraction,0.04959,11.08,0.22,0.0686,0.02777,718.83,24.4,4.492,1.995
hydro_P3,Europe,Energy,2000000.0,exiobase,calibrated_benchmark,3,Transport_Logistics,0.0254,3.45,0.18,0.0114,0.01524,718.83,24.4,4.492,1.995
hydro_P3,Europe,Energy,2000000.0,exiobase,calibrated_benchmark,3,Water_Waste,0.01384,1.01,0.12,0.0884,0.00955,718.83,24.4,4.492,1.995
hydro_P3,Europe,Energy,2000000.0,exiobase,calibrated_benchmark,4,Agriculture,0.00503,0.63,0.08,0.0171,0.00382,738.45,25.09,4.649,2.056
hydro_P3,Europe,Energy,2000000.0,exiobase,calibrated_benchmark,4,Construction,0.00885,1.47,0.08,0.0052,0.00425,738.45,25.09,4.649,2.056
hydro_P3,Europe,Energy,2000000.0,exiobase,calibrated_benchmark,4,Energy_Utilities,0.01638,1.42,0.05,0.0164,0.01048,738.45,25.09,4.649,2.056
hydro_P3,Europe,Energy,2000000.0,exiobase,calibrated_benchmark,4,Health_Social,0.00945,0.94,0.11,0.0066,0.00661,738.45,25.09,4.649,2.056
hydro_P3,Europe,Energy,2000000.0,exiobase,calibrated_benchmark,4,Manufacturing,0.02707,7.9,0.14,0.0326,0.01137,738.45,25.09,4.649,2.056
hydro_P3,Europe,Energy,2000000.0,exiobase,calibrated_benchmark,4,Mining_Extraction,0.0231,5.16,0.1,0.0319,0.01293,738.45,25.09,4.649,2.056
hydro_P3,Europe,Energy,2000000.0,exiobase,calibrated_benchmark,4,Transport_Logistics,0.01189,1.62,0.08,0.0053,0.00714,738.45,25.09,4.649,2.056
hydro_P3,Europe,Energy,2000000.0,exiobase,calibrated_benchmark,4,Water_Waste,0.00651,0.48,0.05,0.0416,0.0045,738.45,25.09,4.649,2.056
hydro_P3,Europe,Energy,2000000.0,exiobase,calibrated_benchmark,5,Agriculture,0.00236,0.29,0.04,0.008,0.00179,747.61,25.42,4.722,2.085
hydro_P3,Europe,Energy,2000000.0,exiobase,calibrated_benchmark,5,Construction,0.00413,0.69,0.04,0.0024,0.00198,747.61,25.42,4.722,2.085
hydro_P3,Europe,Energy,2000000.0,exiobase,calibrated_benchmark,5,Energy_Utilities,0.00765,0.67,0.02,0.0077,0.0049,747.61,25.42,4.722,2.085
hydro_P3,Europe,Energy,2000000.0,exiobase,calibrated_benchmark,5,Health_Social,0.00441,0.44,0.05,0.0031,0.00309,747.61,25.42,4.722,2.085
hydro_P3,Europe,Energy,2000000.0,exiobase,calibrated_benchmark,5,Manufacturing,0.01263,3.69,0.06,0.0152,0.0053,747.61,25.42,4.722,2.085
hydro_P3,Europe,Energy,2000000.0,exiobase,calibrated_benchmark,5,Mining_Extraction,0.01077,2.41,0.05,0.0149,0.00603,747.61,25.42,4.722,2.085
hydro_P3,Europe,Energy,2000000.0,exiobase,calibrated_benchmark,5,Transport_Logistics,0.00556,0.75,0.04,0.0025,0.00333,747.61,25.42,4.722,2.085
hydro_P3,Europe,Energy,2000000.0,exiobase,calibrated_benchmark,5,Water_Waste,0.00305,0.22,0.03,0.0195,0.0021,747.61,25.42,4.722,2.085
hydro_P3,Europe,Energy,2000000.0,exiobase,calibrated_benchmark,6,Agriculture,0.0011,0.14,0.02,0.0037,0.00084,751.88,25.57,4.756,2.098
hydro_P3,Europe,Energy,2000000.0,exiobase,calibrated_benchmark,6,Construction,0.00193,0.32,0.02,0.0011,0.00092,751.88,25.57,4.756,2.098
hydro_P3,Europe,Energy,2000000.0,exiobase,calibrated_benchmark,6,Energy_Utilities,0.00357,0.31,0.01,0.0036,0.00229,751.88,25.57,4.756,2.098
hydro_P3,Europe,Energy,2000000.0,exiobase,calibrated_benchmark,6,Health_Social,0.00206,0.21,0.02,0.0014,0.00144,751.88,25.57,4.756,2.098
hydro_P3,Europe,Energy,2000000.0,exiobase,calibrated_benchmark,6,Manufacturing,0.00589,1.72,0.03,0.0071,0.00248,751.88,25.57,4.756,2.098
hydro_P3,Europe,Energy,2000000.0,exiobase,calibrated_benchmark,6,Mining_Extraction,0.00503,1.12,0.02,0.0069,0.00281,751.88,25.57,4.756,2.098
hydro_P3,Europe,Energy,2000000.0,exiobase,calibrated_benchmark,6,Transport_Logistics,0.00259,0.35,0.02,0.0012,0.00156,751.88,25.57,4.756,2.098
hydro_P3,Europe,Energy,2000000.0,exiobase,calibrated_benchmark,6,Water_Waste,0.00142,0.1,0.01,0.0091,0.00098,751.88,25.57,4.756,2.098
hydro_P3,Europe,Energy,2000000.0,exiobase,calibrated_benchmark,7,Agriculture,0.00051,0.06,0.01,0.0017,0.00039,753.86,25.65,4.772,2.104
hydro_P3,Europe,Energy,2000000.0,exiobase,calibrated_benchmark,7,Construction,0.0009,0.15,0.01,0.0005,0.00043,753.86,25.65,4.772,2.104
hydro_P3,Europe,Energy,2000000.0,exiobase,calibrated_benchmark,7,Energy_Utilities,0.00167,0.14,0.01,0.0017,0.00107,753.86,25.65,4.772,2.104
hydro_P3,Europe,Energy,2000000.0,exiobase,calibrated_benchmark,7,Health_Social,0.00096,0.1,0.01,0.0007,0.00067,753.86,25.65,4.772,2.104
hydro_P3,Europe,Energy,2000000.0,exiobase,calibrated_benchmark,7,Manufacturing,0.00275,0.8,0.01,0.0033,0.00116,753.86,25.65,4.772,2.104
hydro_P3,Europe,Energy,2000000.0,exiobase,calibrated_benchmark,7,Mining_Extraction,0.00235,0.52,0.01,0.0032,0.00131,753.86,25.65,4.772,2.104
hydro_P3,Europe,Energy,2000000.0,exiobase,calibrated_benchmark,7,Transport_Logistics,0.00121,0.16,0.01,0.0005,0.00073,753.86,25.65,4.772,2.104
hydro_P3,Europe,Energy,2000000.0,exiobase,calibrated_benchmark,7,Water_Waste,0.00066,0.05,0.01,0.0042,0.00046,753.86,25.65,4.772,2.104
hydro_P3,Europe,Energy,2000000.0,exiobase,calibrated_benchmark,8,Agriculture,0.00024,0.03,0.0,0.0008,0.00018,754.78,25.67,4.78,2.107
hydro_P3,Europe,Energy,2000000.0,exiobase,calibrated_benchmark,8,Construction,0.00042,0.07,0.0,0.0002,0.0002,754.78,25.67,4.78,2.107
hydro_P3,Europe,Energy,2000000.0,exiobase,calibrated_benchmark,8,Energy_Utilities,0.00078,0.07,0.0,0.0008,0.0005,754.78,25.67,4.78,2.107
hydro_P3,Europe,Energy,2000000.0,exiobase,calibrated_benchmark,8,Health_Social,0.00045,0.04,0.01,0.0003,0.00031,754.78,25.67,4.78,2.107
hydro_P3,Europe,Energy,2000000.0,exiobase,calibrated_benchmark,8,Manufacturing,0.00128,0.37,0.01,0.0015,0.00054,754.78,25.67,4.78,2.107
hydro_P3,Europe,Energy,2000000.0,exiobase,calibrated_benchmark,8,Mining_Extraction,0.00109,0.24,0.0,0.0015,0.00061,754.78,25.67,4.78,2.107
hydro_P3,Europe,Energy,2000000.0,exiobase,calibrated_benchmark,8,Transport_Logistics,0.00057,0.08,0.0,0.0003,0.00034,754.78,25.67,4.78,2.107
hydro_P3,Europe,Energy,2000000.0,exiobase,calibrated_benchmark,8,Water_Waste,0.00031,0.02,0.0,0.002,0.00021,754.78,25.67,4.78,2.107
rail_P1,Europe,Rail_Dev,2016500000.0000002,exiobase,calibrated_benchmark,0,Agriculture,20.165,2519.62,301.67,68.4602,15.3254,379712.96,13598.91,2247.627,1043.74
rail_P1,Europe,Rail_Dev,2016500000.0000002,exiobase,calibrated_benchmark,0,Construction,705.775,117477.66,6047.08,410.7611,338.772,379712.96,13598.91,2247.627,1043.74
rail_P1,Europe,Rail_Dev,2016500000.0000002,exiobase,calibrated_benchmark,0,Energy_Utilities,201.65,17532.26,631.57,202.2953,129.056,379712.96,13598.91,2247.627,1043.74
rail_P1,Europe,Rail_Dev,2016500000.0000002,exiobase,calibrated_benchmark,0,Health_Social,80.66,8067.29,930.36,56.3329,56.462,379712.96,13598.91,2247.627,1043.74
rail_P1,Europe,Rail_Dev,2016500000.0000002,exiobase,calibrated_benchmark,0,Manufacturing,564.62,164778.7,2861.95,680.5929,237.1404,379712.96,13598.91,2247.627,1043.74
rail_P1,Europe,Rail_Dev,2016500000.0000002,exiobase,calibrated_benchmark,0,Mining_Extraction,161.32,36053.08,715.49,223.0088,90.3392,379712.96,13598.91,2247.627,1043.74
rail_P1,Europe,Rail_Dev,2016500000.0000002,exiobase,calibrated_benchmark,0,Transport_Logistics,201.65,27384.07,1431.31,90.5973,120.99,379712.96,13598.91,2247.627,1043.74
rail_P1,Europe,Rail_Dev,2016500000.0000002,exiobase,calibrated_benchmark,0,Water_Waste,80.66,5900.28,679.48,515.5787,55.6554,379712.96,13598.91,2247.627,1043.74
rail_P1,Europe,Rail_Dev,2016500000.0000002,exiobase,calibrated_benchmark,1,Agriculture,34.11918,4263.19,510.42,115.8346,25.93058,568623.66,19972.25,3644.091,1611.851
rail_P1,Europe,Rail_Dev,2016500000.0000002,exiobase,calibrated_benchmark,1,Construction,89.9359,14970.01,770.57,52.3427,43.16923,568623.66,19972.25,3644.091,1611.851
rail_P1,Europe,Rail_Dev,2016500000.0000002,exiobase,calibrated_benchmark,1,Energy_Utilities,150.22925,13061.53,470.52,150.71,96.14672,568623.66,19972.25,3644.091,1611.851
rail_P1,Europe,Rail_Dev,2016500000.0000002,exiobase,calibrated_benchmark,1,Health_Social,90.92399,9093.85,1048.75,63.5013,63.64679,568623.66,19972.25,3644.091,1611.851
rail_P1,Europe,Rail_Dev,2016500000.0000002,exiobase,calibrated_benchmark,1,Manufacturing,273.45757,79805.86,1386.1,329.6257,114.85218,568623.66,19972.25,3644.091,1611.851
rail_P1,Europe,Rail_Dev,2016500000.0000002,exiobase,calibrated_benchmark,1,Mining_Extraction,219.59685,49077.26,973.96,303.5707,122.97424,568623.66,19972.25,3644.091,1611.851
rail_P1,Europe,Rail_Dev,2016500000.0000002,exiobase,calibrated_benchmark,1,Transport_Logistics,109.2943,14842.17,775.77,49.1037,65.57658,568623.66,19972.25,3644.091,1611.851
rail_P1,Europe,Rail_Dev,2016500000.0000002,exiobase,calibrated_benchmark,1,Water_Waste,51.90471,3796.83,437.25,331.7749,35.81425,568623.66,19972.25,3644.091,1611.851
rail_P1,Europe,Rail_Dev,2016500000.0000002,exiobase,calibrated_benchmark,2,Agriculture,21.01701,2626.08,314.41,71.3528,15.97293,656470.93,23031.7,4335.711,1883.321
rail_P1,Europe,Rail_Dev,2016500000.0000002,exiobase,calibrated_benchmark,2,Construction,40.28251,6705.1,345.14,23.4444,19.33561,656470.93,23031.7,4335.711,1883.321
rail_P1,Europe,Rail_Dev,2016500000.0000002,exiobase,calibrated_benchmark,2,Energy_Utilities,72.21195,6278.4,226.17,72.443,46.21565,656470.93,23031.7,4335.711,1883.321
rail_P1,Europe,Rail_Dev,2016500000.0000002,exiobase,calibrated_benchmark,2,Health_Social,41.88041,4188.71,483.07,29.2493,29.31628,656470.93,23031.7,4335.711,1883.321
rail_P1,Europe,Rail_Dev,2016500000.0000002,exiobase,calibrated_benchmark,2,Manufacturing,121.51584,35463.18,615.94,146.4752,51.03665,656470.93,23031.7,4335.711,1883.321
rail_P1,Europe,Rail_Dev,2016500000.0000002,exiobase,calibrated_benchmark,2,Mining_Extraction,104.65131,23388.31,464.15,144.67,58.60473,656470.93,23031.7,4335.711,1883.321
rail_P1,Europe,Rail_Dev,2016500000.0000002,exiobase,calibrated_benchmark,2,Transport_Logistics,52.5269,7133.15,372.84,23.5993,31.51614,656470.93,23031.7,4335.711,1883.321
rail_P1,Europe,Rail_Dev,2016500000.0000002,exiobase,calibrated_benchmark,2,Water_Waste,28.22064,2064.34,237.73,180.3863,19.47224,656470.93,23031.7,4335.711,1883.321
rail_P1,Europe,Rail_Dev,2016500000.0000002,exiobase,calibrated_benchmark,3,Agriculture,10.36157,1294.68,155.01,35.1775,7.87479,697455.3,24469.94,4662.163,2010.702
rail_P1,Europe,Rail_Dev,2016500000.0000002,exiobase,calibrated_benchmark,3,Construction,18.4912,3077.9,158.43,10.7619,8.87578,697455.3,24469.94,4662.163,2010.702
rail_P1,Europe,Rail_Dev,2016500000.0000002,exiobase,calibrated_benchmark,3,Energy_Utilities,34.13317,2967.67,106.91,34.2424,21.84523,697455.3,24469.94,4662.163,2010.702
rail_P1,Europe,Rail_Dev,2016500000.0000002,exiobase,calibrated_benchmark,3,Health_Social,19.67162,1967.48,226.9,13.7387,13.77014,697455.3,24469.94,4662.163,2010.702
rail_P1,Europe,Rail_Dev,2016500000.0000002,exiobase,calibrated_benchmark,3,Manufacturing,56.6737,16539.65,287.27,68.3145,23.80296,697455.3,24469.94,4662.163,2010.702
rail_P1,Europe,Rail_Dev,2016500000.0000002,exiobase,calibrated_benchmark,3,Mining_Extraction,48.25153,10783.64,214.01,66.7029,27.02085,697455.3,24469.94,4662.163,2010.702
rail_P1,Europe,Rail_Dev,2016500000.0000002,exiobase,calibrated_benchmark,3,Transport_Logistics,24.77752,3364.79,175.87,11.132,14.86651,697455.3,24469.94,4662.163,2010.702
rail_P1,Europe,Rail_Dev,2016500000.0000002,exiobase,calibrated_benchmark,3,Water_Waste,13.51409,988.56,113.84,86.3821,9.32472,697455.3,24469.94,4662.163,2010.702
rail_P1,Europe,Rail_Dev,2016500000.0000002,exiobase,calibrated_benchmark,4,Agriculture,4.90774,613.22,73.42,16.6618,3.72988,716578.2,25142.77,4815.007,2070.254
rail_P1,Europe,Rail_Dev,2016500000.0000002,exiobase,calibrated_benchmark,4,Construction,8.62459,1435.58,73.9,5.0195,4.1398,716578.2,25142.77,4815.007,2070.254
rail_P1,Europe,Rail_Dev,2016500000.0000002,exiobase,calibrated_benchmark,4,Energy_Utilities,15.96642,1388.18,50.01,16.0175,10.21851,716578.2,25142.77,4815.007,2070.254
rail_P1,Europe,Rail_Dev,2016500000.0000002,exiobase,calibrated_benchmark,4,Health_Social,9.20887,921.03,106.22,6.4315,6.44621,716578.2,25142.77,4815.007,2070.254
rail_P1,Europe,Rail_Dev,2016500000.0000002,exiobase,calibrated_benchmark,4,Manufacturing,26.37172,7696.32,133.67,31.7885,11.07612,716578.2,25142.77,4815.007,2070.254
rail_P1,Europe,Rail_Dev,2016500000.0000002,exiobase,calibrated_benchmark,4,Mining_Extraction,22.50472,5029.54,99.81,31.1105,12.60264,716578.2,25142.77,4815.007,2070.254
rail_P1,Europe,Rail_Dev,2016500000.0000002,exiobase,calibrated_benchmark,4,Transport_Logistics,11.5931,1574.34,82.29,5.2085,6.95586,716578.2,25142.77,4815.007,2070.254
rail_P1,Europe,Rail_Dev,2016500000.0000002,exiobase,calibrated_benchmark,4,Water_Waste,6.35259,464.69,53.51,40.6058,4.38329,716578.2,25142.77,4815.007,2070.254
rail_P1,Europe,Rail_Dev,2016500000.0000002,exiobase,calibrated_benchmark,5,Agriculture,2.29954,287.33,34.4,7.8069,1.74765,725503.19,25457.01,4886.401,2098.061
rail_P1,Europe,Rail_Dev,2016500000.0000002,exiobase,calibrated_benchmark,5,Construction,4.02152,669.39,34.46,2.3405,1.93033,725503.19,25457.01,4886.401,2098.061
rail_P1,Europe,Rail_Dev,2016500000.0000002,exiobase,calibrated_benchmark,5,Energy_Utilities,7.45769,648.4,23.36,7.4816,4.77292,725503.19,25457.01,4886.401,2098.061
rail_P1,Europe,Rail_Dev,2016500000.0000002,exiobase,calibrated_benchmark,5,Health_Social,4.30261,430.33,49.63,3.0049,3.01182,725503.19,25457.01,4886.401,2098.061
rail_P1,Europe,Rail_Dev,2016500000.0000002,exiobase,calibrated_benchmark,5,Manufacturing,12.3061,3591.41,62.38,14.8338,5.16856,725503.19,25457.01,4886.401,2098.061
rail_P1,Europe,Rail_Dev,2016500000.0000002,exiobase,calibrated_benchmark,5,Mining_Extraction,10.49492,2345.49,46.55,14.5082,5.87716,725503.19,25457.01,4886.401,2098.061
rail_P1,Europe,Rail_Dev,2016500000.0000002,exiobase,calibrated_benchmark,5,Transport_Logistics,5.41519,735.38,38.44,2.4329,3.24911,725503.19,25457.01,4886.401,2098.061
rail_P1,Europe,Rail_Dev,2016500000.0000002,exiobase,calibrated_benchmark,5,Water_Waste,2.97013,217.26,25.02,18.9851,2.04939,725503.19,25457.01,4886.401,2098.061
rail_P1,Europe,Rail_Dev,2016500000.0000002,exiobase,calibrated_benchmark,6,Agriculture,1.07449,134.26,16.07,3.6479,0.81661,729668.72,25603.68,4919.731,2111.042
rail_P1,Europe,Rail_Dev,2016500000.0000002,exiobase,calibrated_benchmark,6,Construction,1.87682,312.4,16.08,1.0923,0.90087,729668.72,25603.68,4919.731,2111.042
rail_P1,Europe,Rail_Dev,2016500000.0000002,exiobase,calibrated_benchmark,6,Energy_Utilities,3.48134,302.68,10.9,3.4925,2.22806,729668.72,25603.68,4919.731,2111.042
rail_P1,Europe,Rail_Dev,2016500000.0000002,exiobase,calibrated_benchmark,6,Health_Social,2.00878,200.91,23.17,1.4029,1.40615,729668.72,25603.68,4919.731,2111.042
rail_P1,Europe,Rail_Dev,2016500000.0000002,exiobase,calibrated_benchmark,6,Manufacturing,5.74258,1675.91,29.11,6.9221,2.41188,729668.72,25603.68,4919.731,2111.042
rail_P1,Europe,Rail_Dev,2016500000.0000002,exiobase,calibrated_benchmark,6,Mining_Extraction,4.89783,1094.61,21.72,6.7708,2.74278,729668.72,25603.68,4919.731,2111.042
rail_P1,Europe,Rail_Dev,2016500000.0000002,exiobase,calibrated_benchmark,6,Transport_Logistics,2.52796,343.3,17.94,1.1358,1.51678,729668.72,25603.68,4919.731,2111.042
rail_P1,Europe,Rail_Dev,2016500000.0000002,exiobase,calibrated_benchmark,6,Water_Waste,1.38698,101.46,11.68,8.8656,0.95701,729668.72,25603.68,4919.731,2111.042
rail_P1,Europe,Rail_Dev,2016500000.0000002,exiobase,calibrated_benchmark,7,Agriculture,0.50166,62.68,7.5,1.7031,0.38126,731612.91,25672.15,4935.288,2117.1
rail_P1,Europe,Rail_Dev,2016500000.0000002,exiobase,calibrated_benchmark,7,Construction,0.87592,145.8,7.5,0.5098,0.42044,731612.91,25672.15,4935.288,2117.1
rail_P1,Europe,Rail_Dev,2016500000.0000002,exiobase,calibrated_benchmark,7,Energy_Utilities,1.62495,141.28,5.09,1.6302,1.03997,731612.91,25672.15,4935.288,2117.1
rail_P1,Europe,Rail_Dev,2016500000.0000002,exiobase,calibrated_benchmark,7,Health_Social,0.93765,93.78,10.82,0.6549,0.65636,731612.91,25672.15,4935.288,2117.1
rail_P1,Europe,Rail_Dev,2016500000.0000002,exiobase,calibrated_benchmark,7,Manufacturing,2.6802,782.19,13.59,3.2307,1.12568,731612.91,25672.15,4935.288,2117.1
rail_P1,Europe,Rail_Dev,2016500000.0000002,exiobase,calibrated_benchmark,7,Mining_Extraction,2.28585,510.86,10.14,3.16,1.28008,731612.91,25672.15,4935.288,2117.1
rail_P1,Europe,Rail_Dev,2016500000.0000002,exiobase,calibrated_benchmark,7,Transport_Logistics,1.17996,160.24,8.38,0.5301,0.70798,731612.91,25672.15,4935.288,2117.1
rail_P1,Europe,Rail_Dev,2016500000.0000002,exiobase,calibrated_benchmark,7,Water_Waste,0.64744,47.36,5.45,4.1384,0.44673,731612.91,25672.15,4935.288,2117.1
rail_P1,Europe,Rail_Dev,2016500000.0000002,exiobase,calibrated_benchmark,8,Agriculture,0.23416,29.26,3.5,0.795,0.17796,732520.33,25704.11,4942.549,2119.928
rail_P1,Europe,Rail_Dev,2016500000.0000002,exiobase,calibrated_benchmark,8,Construction,0.40882,68.05,3.5,0.2379,0.19623,732520.33,25704.11,4942.549,2119.928
rail_P1,Europe,Rail_Dev,2016500000.0000002,exiobase,calibrated_benchmark,8,Energy_Utilities,0.75843,65.94,2.38,0.7609,0.4854,732520.33,25704.11,4942.549,2119.928
rail_P1,Europe,Rail_Dev,2016500000.0000002,exiobase,calibrated_benchmark,8,Health_Social,0.43765,43.77,5.05,0.3057,0.30635,732520.33,25704.11,4942.549,2119.928
rail_P1,Europe,Rail_Dev,2016500000.0000002,exiobase,calibrated_benchmark,8,Manufacturing,1.25093,365.07,6.34,1.5079,0.52539,732520.33,25704.11,4942.549,2119.928
rail_P1,Europe,Rail_Dev,2016500000.0000002,exiobase,calibrated_benchmark,8,Mining_Extraction,1.06688,238.43,4.73,1.4749,0.59745,732520.33,25704.11,4942.549,2119.928
rail_P1,Europe,Rail_Dev,2016500000.0000002,exiobase,calibrated_benchmark,8,Transport_Logistics,0.55074,74.79,3.91,0.2474,0.33044,732520.33,25704.11,4942.549,2119.928
rail_P1,Europe,Rail_Dev,2016500000.0000002,exiobase,calibrated_benchmark,8,Water_Waste,0.3022,22.11,2.55,1.9316,0.20851,732520.33,25704.11,4942.549,2119.928
rail_P2,Europe,Rail_Op,141700.0,exiobase,calibrated_benchmark,0,Agriculture,0.00142,0.18,0.02,0.0048,0.00108,20.23,0.84,0.173,0.083
rail_P2,Europe,Rail_Op,141700.0,exiobase,calibrated_benchmark,0,Construction,0.01417,2.36,0.12,0.0082,0.0068,20.23,0.84,0.173,0.083
rail_P2,Europe,Rail_Op,141700.0,exiobase,calibrated_benchmark,0,Energy_Utilities,0.04959,4.31,0.16,0.0498,0.03174,20.23,0.84,0.173,0.083
rail_P2,Europe,Rail_Op,141700.0,exiobase,calibrated_benchmark,0,Health_Social,0.01134,1.13,0.13,0.0079,0.00794,20.23,0.84,0.173,0.083
rail_P2,Europe,Rail_Op,141700.0,exiobase,calibrated_benchmark,0,Manufacturing,0.02126,6.2,0.11,0.0256,0.00893,20.23,0.84,0.173,0.083
rail_P2,Europe,Rail_Op,141700.0,exiobase,calibrated_benchmark,0,Mining_Extraction,0.00708,1.58,0.03,0.0098,0.00397,20.23,0.84,0.173,0.083
rail_P2,Europe,Rail_Op,141700.0,exiobase,calibrated_benchmark,0,Transport_Logistics,0.02834,3.85,0.2,0.0127,0.017,20.23,0.84,0.173,0.083
rail_P2,Europe,Rail_Op,141700.0,exiobase,calibrated_benchmark,0,Water_Waste,0.0085,0.62,0.07,0.0543,0.00587,20.23,0.84,0.173,0.083
rail_P2,Europe,Rail_Op,141700.0,exiobase,calibrated_benchmark,1,Agriculture,0.00236,0.29,0.04,0.008,0.00179,30.91,1.24,0.262,0.118
rail_P2,Europe,Rail_Op,141700.0,exiobase,calibrated_benchmark,1,Construction,0.00449,0.75,0.04,0.0026,0.00216,30.91,1.24,0.262,0.118
rail_P2,Europe,Rail_Op,141700.0,exiobase,calibrated_benchmark,1,Energy_Utilities,0.00985,0.86,0.03,0.0099,0.0063,30.91,1.24,0.262,0.118
rail_P2,Europe,Rail_Op,141700.0,exiobase,calibrated_benchmark,1,Health_Social,0.00592,0.59,0.07,0.0041,0.00414,30.91,1.24,0.262,0.118
rail_P2,Europe,Rail_Op,141700.0,exiobase,calibrated_benchmark,1,Manufacturing,0.01391,4.06,0.07,0.0168,0.00584,30.91,1.24,0.262,0.118
rail_P2,Europe,Rail_Op,141700.0,exiobase,calibrated_benchmark,1,Mining_Extraction,0.01282,2.87,0.06,0.0177,0.00718,30.91,1.24,0.262,0.118
rail_P2,Europe,Rail_Op,141700.0,exiobase,calibrated_benchmark,1,Transport_Logistics,0.00699,0.95,0.05,0.0031,0.0042,30.91,1.24,0.262,0.118
rail_P2,Europe,Rail_Op,141700.0,exiobase,calibrated_benchmark,1,Water_Waste,0.00425,0.31,0.04,0.0272,0.00294,30.91,1.24,0.262,0.118
rail_P2,Europe,Rail_Op,141700.0,exiobase,calibrated_benchmark,2,Agriculture,0.00128,0.16,0.02,0.0043,0.00097,35.95,1.42,0.303,0.134
rail_P2,Europe,Rail_Op,141700.0,exiobase,calibrated_benchmark,2,Construction,0.00223,0.37,0.02,0.0013,0.00107,35.95,1.42,0.303,0.134
rail_P2,Europe,Rail_Op,141700.0,exiobase,calibrated_benchmark,2,Energy_Utilities,0.00428,0.37,0.01,0.0043,0.00274,35.95,1.42,0.303,0.134
rail_P2,Europe,Rail_Op,141700.0,exiobase,calibrated_benchmark,2,Health_Social,0.00249,0.25,0.03,0.0017,0.00174,35.95,1.42,0.303,0.134
rail_P2,Europe,Rail_Op,141700.0,exiobase,calibrated_benchmark,2,Manufacturing,0.00695,2.03,0.04,0.0084,0.00292,35.95,1.42,0.303,0.134
rail_P2,Europe,Rail_Op,141700.0,exiobase,calibrated_benchmark,2,Mining_Extraction,0.00585,1.31,0.03,0.0081,0.00328,35.95,1.42,0.303,0.134
rail_P2,Europe,Rail_Op,141700.0,exiobase,calibrated_benchmark,2,Transport_Logistics,0.00307,0.42,0.02,0.0014,0.00184,35.95,1.42,0.303,0.134
rail_P2,Europe,Rail_Op,141700.0,exiobase,calibrated_benchmark,2,Water_Waste,0.00173,0.13,0.01,0.011,0.00119,35.95,1.42,0.303,0.134
rail_P2,Europe,Rail_Op,141700.0,exiobase,calibrated_benchmark,3,Agriculture,0.00061,0.08,0.01,0.0021,0.00046,38.3,1.51,0.322,0.141
rail_P2,Europe,Rail_Op,141700.0,exiobase,calibrated_benchmark,3,Construction,0.00106,0.18,0.01,0.0006,0.00051,38.3,1.51,0.322,0.141
rail_P2,Europe,Rail_Op,141700.0,exiobase,calibrated_benchmark,3,Energy_Utilities,0.00197,0.17,0.01,0.002,0.00126,38.3,1.51,0.322,0.141
rail_P2,Europe,Rail_Op,141700.0,exiobase,calibrated_benchmark,3,Health_Social,0.00114,0.11,0.01,0.0008,0.0008,38.3,1.51,0.322,0.141
rail_P2,Europe,Rail_Op,141700.0,exiobase,calibrated_benchmark,3,Manufacturing,0.00323,0.94,0.02,0.0039,0.00136,38.3,1.51,0.322,0.141
rail_P2,Europe,Rail_Op,141700.0,exiobase,calibrated_benchmark,3,Mining_Extraction,0.00276,0.62,0.01,0.0038,0.00155,38.3,1.51,0.322,0.141
rail_P2,Europe,Rail_Op,141700.0,exiobase,calibrated_benchmark,3,Transport_Logistics,0.00143,0.19,0.01,0.0006,0.00086,38.3,1.51,0.322,0.141
rail_P2,Europe,Rail_Op,141700.0,exiobase,calibrated_benchmark,3,Water_Waste,0.00079,0.06,0.01,0.005,0.00054,38.3,1.51,0.322,0.141
rail_P2,Europe,Rail_Op,141700.0,exiobase,calibrated_benchmark,4,Agriculture,0.00028,0.04,0.0,0.001,0.00022,39.4,1.54,0.331,0.144
rail_P2,Europe,Rail_Op,141700.0,exiobase,calibrated_benchmark,4,Construction,0.00049,0.08,0.0,0.0003,0.00024,39.4,1.54,0.331,0.144
rail_P2,Europe,Rail_Op,141700.0,exiobase,calibrated_benchmark,4,Energy_Utilities,0.00092,0.08,0.0,0.0009,0.00059,39.4,1.54,0.331,0.144
rail_P2,Europe,Rail_Op,141700.0,exiobase,calibrated_benchmark,4,Health_Social,0.00053,0.05,0.01,0.0004,0.00037,39.4,1.54,0.331,0.144
rail_P2,Europe,Rail_Op,141700.0,exiobase,calibrated_benchmark,4,Manufacturing,0.00151,0.44,0.01,0.0018,0.00064,39.4,1.54,0.331,0.144
rail_P2,Europe,Rail_Op,141700.0,exiobase,calibrated_benchmark,4,Mining_Extraction,0.00129,0.29,0.01,0.0018,0.00072,39.4,1.54,0.331,0.144
rail_P2,Europe,Rail_Op,141700.0,exiobase,calibrated_benchmark,4,Transport_Logistics,0.00067,0.09,0.0,0.0003,0.0004,39.4,1.54,0.331,0.144
rail_P2,Europe,Rail_Op,141700.0,exiobase,calibrated_benchmark,4,Water_Waste,0.00037,0.03,0.0,0.0023,0.00025,39.4,1.54,0.331,0.144
rail_P2,Europe,Rail_Op,141700.0,exiobase,calibrated_benchmark,5,Agriculture,0.00013,0.02,0.0,0.0004,0.0001,39.91,1.54,0.335,0.146
rail_P2,Europe,Rail_Op,141700.0,exiobase,calibrated_benchmark,5,Construction,0.00023,0.04,0.0,0.0001,0.00011,39.91,1.54,0.335,0.146
rail_P2,Europe,Rail_Op,141700.0,exiobase,calibrated_benchmark,5,Energy_Utilities,0.00043,0.04,0.0,0.0004,0.00027,39.91,1.54,0.335,0.146
rail_P2,Europe,Rail_Op,141700.0,exiobase,calibrated_benchmark,5,Health_Social,0.00025,0.02,0.0,0.0002,0.00017,39.91,1.54,0.335,0.146
rail_P2,Europe,Rail_Op,141700.0,exiobase,calibrated_benchmark,5,Manufacturing,0.00071,0.21,0.0,0.0009,0.0003,39.91,1.54,0.335,0.146
rail_P2,Europe,Rail_Op,141700.0,exiobase,calibrated_benchmark,5,Mining_Extraction,0.0006,0.13,0.0,0.0008,0.00034,39.91,1.54,0.335,0.146
rail_P2,Europe,Rail_Op,141700.0,exiobase,calibrated_benchmark,5,Transport_Logistics,0.00031,0.04,0.0,0.0001,0.00019,39.91,1.54,0.335,0.146
rail_P2,Europe,Rail_Op,141700.0,exiobase,calibrated_benchmark,5,Water_Waste,0.00017,0.01,0.0,0.0011,0.00012,39.91,1.54,0.335,0.146
rail_P2,Europe,Rail_Op,141700.0,exiobase,calibrated_benchmark,6,Agriculture,6e-05,0.01,0.0,0.0002,5e-05,40.16,1.54,0.337,0.147
rail_P2,Europe,Rail_Op,141700.0,exiobase,calibrated_benchmark,6,Construction,0.00011,0.02,0.0,0.0001,5e-05,40.16,1.54,0.337,0.147
rail_P2,Europe,Rail_Op,141700.0,exiobase,calibrated_benchmark,6,Energy_Utilities,0.0002,0.02,0.0,0.0002,0.00013,40.16,1.54,0.337,0.147
rail_P2,Europe,Rail_Op,141700.0,exiobase,calibrated_benchmark,6,Health_Social,0.00012,0.01,0.0,0.0001,8e-05,40.16,1.54,0.337,0.147
rail_P2,Europe,Rail_Op,141700.0,exiobase,calibrated_benchmark,6,Manufacturing,0.00033,0.1,0.0,0.0004,0.00014,40.16,1.54,0.337,0.147
rail_P2,Europe,Rail_Op,141700.0,exiobase,calibrated_benchmark,6,Mining_Extraction,0.00028,0.06,0.0,0.0004,0.00016,40.16,1.54,0.337,0.147
rail_P2,Europe,Rail_Op,141700.0,exiobase,calibrated_benchmark,6,Transport_Logistics,0.00015,0.02,0.0,0.0001,9e-05,40.16,1.54,0.337,0.147
rail_P2,Europe,Rail_Op,141700.0,exiobase,calibrated_benchmark,6,Water_Waste,8e-05,0.01,0.0,0.0005,5e-05,40.16,1.54,0.337,0.147
rail_P2,Europe,Rail_Op,141700.0,exiobase,calibrated_benchmark,7,Agriculture,3e-05,0.0,0.0,0.0001,2e-05,40.27,1.54,0.337,0.147
rail_P2,Europe,Rail_Op,141700.0,exiobase,calibrated_benchmark,7,Construction,5e-05,0.01,0.0,0.0,2e-05,40.27,1.54,0.337,0.147
rail_P2,Europe,Rail_Op,141700.0,exiobase,calibrated_benchmark,7,Energy_Utilities,9e-05,0.01,0.0,0.0001,6e-05,40.27,1.54,0.337,0.147
rail_P2,Europe,Rail_Op,141700.0,exiobase,calibrated_benchmark,7,Health_Social,5e-05,0.01,0.0,0.0,4e-05,40.27,1.54,0.337,0.147
rail_P2,Europe,Rail_Op,141700.0,exiobase,calibrated_benchmark,7,Manufacturing,0.00015,0.04,0.0,0.0002,6e-05,40.27,1.54,0.337,0.147
rail_P2,Europe,Rail_Op,141700.0,exiobase,calibrated_benchmark,7,Mining_Extraction,0.00013,0.03,0.0,0.0002,7e-05,40.27,1.54,0.337,0.147
rail_P2,Europe,Rail_Op,141700.0,exiobase,calibrated_benchmark,7,Transport_Logistics,7e-05,0.01,0.0,0.0,4e-05,40.27,1.54,0.337,0.147
rail_P2,Europe,Rail_Op,141700.0,exiobase,calibrated_benchmark,7,Water_Waste,4e-05,0.0,0.0,0.0002,3e-05,40.27,1.54,0.337,0.147
rail_P2,Europe,Rail_Op,141700.0,exiobase,calibrated_benchmark,8,Agriculture,1e-05,0.0,0.0,0.0,1e-05,40.3,1.54,0.338,0.147
rail_P2,Europe,Rail_Op,141700.0,exiobase,calibrated_benchmark,8,Construction,2e-05,0.0,0.0,0.0,1e-05,40.3,1.54,0.338,0.147
rail_P2,Europe,Rail_Op,141700.0,exiobase,calibrated_benchmark,8,Energy_Utilities,4e-05,0.0,0.0,0.0,3e-05,40.3,1.54,0.338,0.147
rail_P2,Europe,Rail_Op,141700.0,exiobase,calibrated_benchmark,8,Health_Social,3e-05,0.0,0.0,0.0,2e-05,40.3,1.54,0.338,0.147
rail_P2,Europe,Rail_Op,141700.0,exiobase,calibrated_benchmark,8,Manufacturing,7e-05,0.02,0.0,0.0001,3e-05,40.3,1.54,0.338,0.147
rail_P2,Europe,Rail_Op,141700.0,exiobase,calibrated_benchmark,8,Mining_Extraction,6e-05,0.01,0.0,0.0001,3e-05,40.3,1.54,0.338,0.147
rail_P2,Europe,Rail_Op,141700.0,exiobase,calibrated_benchmark,8,Transport_Logistics,3e-05,0.0,0.0,0.0,2e-05,40.3,1.54,0.338,0.147
rail_P2,Europe,Rail_Op,141700.0,exiobase,calibrated_benchmark,8,Water_Waste,2e-05,0.0,0.0,0.0001,1e-05,40.3,1.54,0.338,0.147
rail_P3,Europe,Rail_Op,98100.0,exiobase,calibrated_benchmark,0,Agriculture,0.00098,0.12,0.01,0.0033,0.00075,14.0,0.57,0.12,0.058
rail_P3,Europe,Rail_Op,98100.0,exiobase,calibrated_benchmark,0,Construction,0.00981,1.63,0.08,0.0057,0.00471,14.0,0.57,0.12,0.058
rail_P3,Europe,Rail_Op,98100.0,exiobase,calibrated_benchmark,0,Energy_Utilities,0.03433,2.99,0.11,0.0344,0.02197,14.0,0.57,0.12,0.058
rail_P3,Europe,Rail_Op,98100.0,exiobase,calibrated_benchmark,0,Health_Social,0.00785,0.78,0.09,0.0055,0.00549,14.0,0.57,0.12,0.058
rail_P3,Europe,Rail_Op,98100.0,exiobase,calibrated_benchmark,0,Manufacturing,0.01472,4.29,0.07,0.0177,0.00618,14.0,0.57,0.12,0.058
rail_P3,Europe,Rail_Op,98100.0,exiobase,calibrated_benchmark,0,Mining_Extraction,0.00491,1.1,0.02,0.0068,0.00275,14.0,0.57,0.12,0.058
rail_P3,Europe,Rail_Op,98100.0,exiobase,calibrated_benchmark,0,Transport_Logistics,0.01962,2.66,0.14,0.0088,0.01177,14.0,0.57,0.12,0.058
rail_P3,Europe,Rail_Op,98100.0,exiobase,calibrated_benchmark,0,Water_Waste,0.00589,0.43,0.05,0.0376,0.00406,14.0,0.57,0.12,0.058
rail_P3,Europe,Rail_Op,98100.0,exiobase,calibrated_benchmark,1,Agriculture,0.00163,0.2,0.02,0.0055,0.00124,21.39,0.83,0.182,0.082
rail_P3,Europe,Rail_Op,98100.0,exiobase,calibrated_benchmark,1,Construction,0.00311,0.52,0.03,0.0018,0.00149,21.39,0.83,0.182,0.082
rail_P3,Europe,Rail_Op,98100.0,exiobase,calibrated_benchmark,1,Energy_Utilities,0.00682,0.59,0.02,0.0068,0.00436,21.39,0.83,0.182,0.082
rail_P3,Europe,Rail_Op,98100.0,exiobase,calibrated_benchmark,1,Health_Social,0.0041,0.41,0.05,0.0029,0.00287,21.39,0.83,0.182,0.082
rail_P3,Europe,Rail_Op,98100.0,exiobase,calibrated_benchmark,1,Manufacturing,0.00963,2.81,0.05,0.0116,0.00404,21.39,0.83,0.182,0.082
rail_P3,Europe,Rail_Op,98100.0,exiobase,calibrated_benchmark,1,Mining_Extraction,0.00888,1.98,0.04,0.0123,0.00497,21.39,0.83,0.182,0.082
rail_P3,Europe,Rail_Op,98100.0,exiobase,calibrated_benchmark,1,Transport_Logistics,0.00484,0.66,0.03,0.0022,0.0029,21.39,0.83,0.182,0.082
rail_P3,Europe,Rail_Op,98100.0,exiobase,calibrated_benchmark,1,Water_Waste,0.00294,0.22,0.02,0.0188,0.00203,21.39,0.83,0.182,0.082
rail_P3,Europe,Rail_Op,98100.0,exiobase,calibrated_benchmark,2,Agriculture,0.00088,0.11,0.01,0.003,0.00067,24.88,0.95,0.21,0.092
rail_P3,Europe,Rail_Op,98100.0,exiobase,calibrated_benchmark,2,Construction,0.00154,0.26,0.01,0.0009,0.00074,24.88,0.95,0.21,0.092
rail_P3,Europe,Rail_Op,98100.0,exiobase,calibrated_benchmark,2,Energy_Utilities,0.00297,0.26,0.01,0.003,0.0019,24.88,0.95,0.21,0.092
rail_P3,Europe,Rail_Op,98100.0,exiobase,calibrated_benchmark,2,Health_Social,0.00173,0.17,0.02,0.0012,0.00121,24.88,0.95,0.21,0.092
rail_P3,Europe,Rail_Op,98100.0,exiobase,calibrated_benchmark,2,Manufacturing,0.00481,1.4,0.02,0.0058,0.00202,24.88,0.95,0.21,0.092
rail_P3,Europe,Rail_Op,98100.0,exiobase,calibrated_benchmark,2,Mining_Extraction,0.00405,0.91,0.02,0.0056,0.00227,24.88,0.95,0.21,0.092
rail_P3,Europe,Rail_Op,98100.0,exiobase,calibrated_benchmark,2,Transport_Logistics,0.00213,0.29,0.02,0.001,0.00128,24.88,0.95,0.21,0.092
rail_P3,Europe,Rail_Op,98100.0,exiobase,calibrated_benchmark,2,Water_Waste,0.00119,0.09,0.01,0.0076,0.00082,24.88,0.95,0.21,0.092
rail_P3,Europe,Rail_Op,98100.0,exiobase,calibrated_benchmark,3,Agriculture,0.00042,0.05,0.01,0.0014,0.00032,26.5,1.01,0.223,0.098
rail_P3,Europe,Rail_Op,98100.0,exiobase,calibrated_benchmark,3,Construction,0.00073,0.12,0.01,0.0004,0.00035,26.5,1.01,0.223,0.098
rail_P3,Europe,Rail_Op,98100.0,exiobase,calibrated_benchmark,3,Energy_Utilities,0.00136,0.12,0.0,0.0014,0.00087,26.5,1.01,0.223,0.098
rail_P3,Europe,Rail_Op,98100.0,exiobase,calibrated_benchmark,3,Health_Social,0.00079,0.08,0.01,0.0006,0.00055,26.5,1.01,0.223,0.098
rail_P3,Europe,Rail_Op,98100.0,exiobase,calibrated_benchmark,3,Manufacturing,0.00224,0.65,0.01,0.0027,0.00094,26.5,1.01,0.223,0.098
rail_P3,Europe,Rail_Op,98100.0,exiobase,calibrated_benchmark,3,Mining_Extraction,0.00191,0.43,0.01,0.0026,0.00107,26.5,1.01,0.223,0.098
rail_P3,Europe,Rail_Op,98100.0,exiobase,calibrated_benchmark,3,Transport_Logistics,0.00099,0.13,0.01,0.0004,0.00059,26.5,1.01,0.223,0.098
rail_P3,Europe,Rail_Op,98100.0,exiobase,calibrated_benchmark,3,Water_Waste,0.00055,0.04,0.0,0.0035,0.00038,26.5,1.01,0.223,0.098
rail_P3,Europe,Rail_Op,98100.0,exiobase,calibrated_benchmark,4,Agriculture,0.0002,0.02,0.0,0.0007,0.00015,27.27,1.02,0.229,0.1
rail_P3,Europe,Rail_Op,98100.0,exiobase,calibrated_benchmark,4,Construction,0.00034,0.06,0.0,0.0002,0.00016,27.27,1.02,0.229,0.1
rail_P3,Europe,Rail_Op,98100.0,exiobase,calibrated_benchmark,4,Energy_Utilities,0.00064,0.06,0.0,0.0006,0.00041,27.27,1.02,0.229,0.1
rail_P3,Europe,Rail_Op,98100.0,exiobase,calibrated_benchmark,4,Health_Social,0.00037,0.04,0.0,0.0003,0.00026,27.27,1.02,0.229,0.1
rail_P3,Europe,Rail_Op,98100.0,exiobase,calibrated_benchmark,4,Manufacturing,0.00105,0.31,0.01,0.0013,0.00044,27.27,1.02,0.229,0.1
rail_P3,Europe,Rail_Op,98100.0,exiobase,calibrated_benchmark,4,Mining_Extraction,0.00089,0.2,0.0,0.0012,0.0005,27.27,1.02,0.229,0.1
rail_P3,Europe,Rail_Op,98100.0,exiobase,calibrated_benchmark,4,Transport_Logistics,0.00046,0.06,0.0,0.0002,0.00028,27.27,1.02,0.229,0.1
rail_P3,Europe,Rail_Op,98100.0,exiobase,calibrated_benchmark,4,Water_Waste,0.00025,0.02,0.0,0.0016,0.00017,27.27,1.02,0.229,0.1
rail_P3,Europe,Rail_Op,98100.0,exiobase,calibrated_benchmark,5,Agriculture,9e-05,0.01,0.0,0.0003,7e-05,27.63,1.02,0.232,0.101
rail_P3,Europe,Rail_Op,98100.0,exiobase,calibrated_benchmark,5,Construction,0.00016,0.03,0.0,0.0001,8e-05,27.63,1.02,0.232,0.101
rail_P3,Europe,Rail_Op,98100.0,exiobase,calibrated_benchmark,5,Energy_Utilities,0.0003,0.03,0.0,0.0003,0.00019,27.63,1.02,0.232,0.101
rail_P3,Europe,Rail_Op,98100.0,exiobase,calibrated_benchmark,5,Health_Social,0.00017,0.02,0.0,0.0001,0.00012,27.63,1.02,0.232,0.101
rail_P3,Europe,Rail_Op,98100.0,exiobase,calibrated_benchmark,5,Manufacturing,0.00049,0.14,0.0,0.0006,0.00021,27.63,1.02,0.232,0.101
rail_P3,Europe,Rail_Op,98100.0,exiobase,calibrated_benchmark,5,Mining_Extraction,0.00042,0.09,0.0,0.0006,0.00023,27.63,1.02,0.232,0.101
rail_P3,Europe,Rail_Op,98100.0,exiobase,calibrated_benchmark,5,Transport_Logistics,0.00022,0.03,0.0,0.0001,0.00013,27.63,1.02,0.232,0.101
rail_P3,Europe,Rail_Op,98100.0,exiobase,calibrated_benchmark,5,Water_Waste,0.00012,0.01,0.0,0.0008,8e-05,27.63,1.02,0.232,0.101
rail_P3,Europe,Rail_Op,98100.0,exiobase,calibrated_benchmark,6,Agriculture,4e-05,0.01,0.0,0.0001,3e-05,27.79,1.02,0.233,0.102
rail_P3,Europe,Rail_Op,98100.0,exiobase,calibrated_benchmark,6,Construction,7e-05,0.01,0.0,0.0,4e-05,27.79,1.02,0.233,0.102
rail_P3,Europe,Rail_Op,98100.0,exiobase,calibrated_benchmark,6,Energy_Utilities,0.00014,0.01,0.0,0.0001,9e-05,27.79,1.02,0.233,0.102
rail_P3,Europe,Rail_Op,98100.0,exiobase,calibrated_benchmark,6,Health_Social,8e-05,0.01,0.0,0.0001,6e-05,27.79,1.02,0.233,0.102
rail_P3,Europe,Rail_Op,98100.0,exiobase,calibrated_benchmark,6,Manufacturing,0.00023,0.07,0.0,0.0003,0.0001,27.79,1.02,0.233,0.102
rail_P3,Europe,Rail_Op,98100.0,exiobase,calibrated_benchmark,6,Mining_Extraction,0.00019,0.04,0.0,0.0003,0.00011,27.79,1.02,0.233,0.102
rail_P3,Europe,Rail_Op,98100.0,exiobase,calibrated_benchmark,6,Transport_Logistics,0.0001,0.01,0.0,0.0,6e-05,27.79,1.02,0.233,0.102
rail_P3,Europe,Rail_Op,98100.0,exiobase,calibrated_benchmark,6,Water_Waste,6e-05,0.0,0.0,0.0004,4e-05,27.79,1.02,0.233,0.102
rail_P3,Europe,Rail_Op,98100.0,exiobase,calibrated_benchmark,7,Agriculture,2e-05,0.0,0.0,0.0001,2e-05,27.87,1.02,0.234,0.102
rail_P3,Europe,Rail_Op,98100.0,exiobase,calibrated_benchmark,7,Construction,3e-05,0.01,0.0,0.0,2e-05,27.87,1.02,0.234,0.102
rail_P3,Europe,Rail_Op,98100.0,exiobase,calibrated_benchmark,7,Energy_Utilities,6e-05,0.01,0.0,0.0001,4e-05,27.87,1.02,0.234,0.102
rail_P3,Europe,Rail_Op,98100.0,exiobase,calibrated_benchmark,7,Health_Social,4e-05,0.0,0.0,0.0,3e-05,27.87,1.02,0.234,0.102
rail_P3,Europe,Rail_Op,98100.0,exiobase,calibrated_benchmark,7,Manufacturing,0.00011,0.03,0.0,0.0001,4e-05,27.87,1.02,0.234,0.102
rail_P3,Europe,Rail_Op,98100.0,exiobase,calibrated_benchmark,7,Mining_Extraction,9e-05,0.02,0.0,0.0001,5e-05,27.87,1.02,0.234,0.102
rail_P3,Europe,Rail_Op,98100.0,exiobase,calibrated_benchmark,7,Transport_Logistics,5e-05,0.01,0.0,0.0,3e-05,27.87,1.02,0.234,0.102
rail_P3,Europe,Rail_Op,98100.0,exiobase,calibrated_benchmark,7,Water_Waste,3e-05,0.0,0.0,0.0002,2e-05,27.87,1.02,0.234,0.102
rail_P3,Europe,Rail_Op,98100.0,exiobase,calibrated_benchmark,8,Agriculture,1e-05,0.0,0.0,0.0,1e-05,27.89,1.02,0.234,0.102
rail_P3,Europe,Rail_Op,98100.0,exiobase,calibrated_benchmark,8,Construction,2e-05,0.0,0.0,0.0,1e-05,27.89,1.02,0.234,0.102
rail_P3,Europe,Rail_Op,98100.0,exiobase,calibrated_benchmark,8,Energy_Utilities,3e-05,0.0,0.0,0.0,2e-05,27.89,1.02,0.234,0.102
rail_P3,Europe,Rail_Op,98100.0,exiobase,calibrated_benchmark,8,Health_Social,2e-05,0.0,0.0,0.0,1e-05,27.89,1.02,0.234,0.102
rail_P3,Europe,Rail_Op,98100.0,exiobase,calibrated_benchmark,8,Manufacturing,5e-05,0.01,0.0,0.0001,2e-05,27.89,1.02,0.234,0.102
rail_P3,Europe,Rail_Op,98100.0,exiobase,calibrated_benchmark,8,Mining_Extraction,4e-05,0.01,0.0,0.0001,2e-05,27.89,1.02,0.234,0.102
rail_P3,Europe,Rail_Op,98100.0,exiobase,calibrated_benchmark,8,Transport_Logistics,2e-05,0.0,0.0,0.0,1e-05,27.89,1.02,0.234,0.102
rail_P3,Europe,Rail_Op,98100.0,exiobase,calibrated_benchmark,8,Water_Waste,1e-05,0.0,0.0,0.0001,1e-05,27.89,1.02,0.234,0.102
